iso3_econ,año,pct_desempleo,pbi_pc_ppa,inflacion,gini,hdi
AFG,1990,,,,,0.285
AFG,1995,7.868,,,,0.329
AFG,2000,7.897,813.550255989624,,,0.351
AFG,2005,7.878,1076.08735260871,12.6862687216715,,0.417
AFG,2010,7.809,1765.53802830615,2.17853752389419,,0.465
AFG,2015,9.032,2284.07584789349,-0.661709164713742,,0.496
AFG,2020,11.71,2561.98176058622,5.60188791482224,,0.501
AFG,2024,13.687,,-6.60118564073726,,
AGO,1990,,3704.86317724923,,,
AGO,1995,16.978,2989.761380067,2666.45059288538,,
AGO,2000,16.646,3689.53780847244,324.996871601321,51.9,0.391
AGO,2005,16.295,5415.61212018099,22.953513851394,,0.463
AGO,2010,16.595,7411.65460883624,14.4696564932577,,0.528
AGO,2015,16.472,8067.48584683018,9.35597215533784,,0.603
AGO,2020,16.696,7827.42804325818,22.271539247051,,0.61
AGO,2024,14.02,10118.6089945408,28.2404948915772,,
ALB,1990,,2655.67313273989,,,0.654
ALB,1995,14.607,2776.82881449807,7.79321853789217,,0.638
ALB,2000,19.023,3977.77186916171,0.0500181363468238,,0.682
ALB,2005,15.966,6014.31696992585,2.36658195679795,30.6,0.723
ALB,2010,14.086,9754.84278665039,3.6271009151748,,0.769
ALB,2015,17.193,12386.592266883,1.89617402592366,32.8,0.797
ALB,2020,11.639,16287.6097663649,1.62088661717004,29.4,0.794
ALB,2024,10.689,26701.6749563776,2.21587375089999,,
AND,1990,,24908.8709437846,,,
AND,1995,,24934.3827742245,,,
AND,2000,,33458.1181625074,,,0.825
AND,2005,,44577.8193343081,,,0.842
AND,2010,,43853.1712385354,,,0.87
AND,2015,,50733.2390011704,,,0.869
AND,2020,,52095.8414004627,,,0.851
AND,2024,,74939.4746038578,,,
ARE,1990,,88455.0784304645,,,0.713
ARE,1995,1.8,93702.3667511098,,,0.747
ARE,2000,2.25,92899.3674985796,,,0.79
ARE,2005,3.12,101301.412339163,,,0.819
ARE,2010,2.798,85120.1974687752,0.877983288285867,,0.835
ARE,2015,1.793,73986.0636395945,4.06996608361593,,0.857
ARE,2020,4.294,66790.6822664754,-2.07940317940944,,0.909
ARE,2024,2.16,79228.738801276,1.66336510224894,,
ARG,1990,,7158.30849157078,,,0.733
ARG,1995,18.8,9890.92470924836,,48.9,0.754
ARG,2000,15.0,11499.9828002518,,51.0,0.789
ARG,2005,11.506,13464.8128470561,,47.8,0.812
ARG,2010,7.714,17847.6110373178,,43.7,0.844
ARG,2015,7.577,19899.1499275245,,,0.859
ARG,2020,11.461,22393.3479575353,42.0150947376509,42.7,0.851
ARG,2024,7.15,30431.1931223693,219.883929014578,42.4,
ARM,1990,,2760.24950024614,,,0.663
ARM,1995,6.7,1766.91014761234,175.951325534583,,0.631
ARM,2000,11.107,2530.74394657194,-0.790883768934757,,0.667
ARM,2005,10.584,5172.2189210295,0.638928002410097,36.0,0.711
ARM,2010,19.523,7095.21267979009,8.17636138473952,30.0,0.747
ARM,2015,18.261,9756.84084836026,3.73169119261693,32.4,0.777
ARM,2020,18.175,14706.3173043422,1.21143577838465,25.1,0.761
ARM,2024,12.405,22823.1795255693,0.269511978259125,,
ATG,1990,,12996.0453528789,,,
ATG,1995,,15062.3522451447,,,
ATG,2000,,19318.8965779721,0.77177979690018,,
ATG,2005,,23484.8001051691,2.09875196709308,,
ATG,2010,,24071.0297956482,3.37002540220148,,0.828
ATG,2015,,20985.4388292177,0.968993458825638,,0.839
ATG,2020,,22370.0918693813,0.625989707046719,,0.84
ATG,2024,,33386.1917127894,6.19886698842116,,
AUS,1990,,17385.4985419393,7.33302195235872,,0.867
AUS,1995,8.473,21049.6150181971,4.62776659959759,32.6,0.882
AUS,2000,6.288,26584.8191965725,4.45743514797224,,0.897
AUS,2005,5.036,33089.7023501837,2.69183168316832,,0.914
AUS,2010,5.214,39504.361082784,2.91834002677376,34.7,0.929
AUS,2015,6.055,46464.5867627929,1.50836672165921,,0.938
AUS,2020,6.394,54184.1614486854,0.846905537459305,33.8,0.95
AUS,2024,3.942,72111.1844628126,3.1616142830575,,
AUT,1990,,19395.859898704,3.26187231878578,,0.832
AUT,1995,4.345,23604.0281966141,2.24336631500905,29.9,0.856
AUT,2000,4.687,29220.9853040358,2.34486285357282,29.0,0.879
AUT,2005,5.682,34776.6699535218,2.29913785639285,28.7,0.898
AUT,2010,4.883,41735.4574798744,1.81353438995062,30.3,0.912
AUT,2015,5.802,49549.3162311441,0.89656333526032,30.5,0.919
AUT,2020,5.201,58523.0337816246,1.38191063351862,29.8,0.925
AUT,2024,5.2,73911.439663136,2.93791574279383,,
AZE,1990,,5342.57081575693,,,
AZE,1995,7.2,2356.89780147658,411.759641777268,34.6,0.618
AZE,2000,11.78,3439.14442872326,1.80500303704356,,0.652
AZE,2005,7.26,6854.93618778844,9.67950731917057,26.6,0.692
AZE,2010,5.63,14930.4099928423,5.72687224669605,,0.744
AZE,2015,4.96,15075.2726347911,4.02768573742726,,0.771
AZE,2020,7.24,15163.5703327282,2.75980947008127,,0.757
AZE,2024,5.648,25088.9993757134,2.21217188919901,,
BDI,1990,,598.305045994166,7.00216956651122,,0.294
BDI,1995,3.095,547.689757596573,19.2632536382538,,0.294
BDI,2000,3.137,519.237306665577,24.4320242102151,,0.308
BDI,2005,3.162,553.047973759863,13.2520699188224,,0.352
BDI,2010,1.615,613.695880049889,6.49326591473993,,0.416
BDI,2015,1.449,722.032898379933,5.54468891259779,,0.432
BDI,2020,1.03,958.135599490084,7.32110643415521,37.5,0.435
BDI,2024,0.915,1194.94681370387,20.2124925027847,,
BEL,1990,,18687.7257960975,3.44831217961808,,0.824
BEL,1995,9.337,22446.2748072391,1.46796699090272,28.4,0.875
BEL,2000,6.586,27794.0511630862,2.54451776190908,33.1,0.894
BEL,2005,8.44,33177.8909458158,2.78143263670022,29.3,0.911
BEL,2010,8.293,39839.9772772918,2.18929920422457,28.4,0.921
BEL,2015,8.482,46071.914889496,0.561429152790065,27.7,0.933
BEL,2020,5.545,56120.0958420466,0.740791812220344,26.0,0.939
BEL,2024,5.7,73514.4831045258,3.14349136500041,,
BEN,1990,,1186.11606902616,,,0.351
BEN,1995,1.305,1395.26644444059,14.4625482180894,,0.383
BEN,2000,0.864,1671.35725172854,4.16540442290283,,0.415
BEN,2005,0.859,1945.56414052296,5.36452085832342,,0.456
BEN,2010,1.04,2220.32854611489,2.20783532536524,,0.485
BEN,2015,1.886,2725.33724817144,0.218785923536245,47.6,0.511
BEN,2020,1.518,3244.58772756805,3.02272119663759,,0.504
BEN,2024,1.637,4434.5642184028,1.16093089640415,,
BFA,1990,,566.944147291823,-0.504303388918912,,
BFA,1995,2.532,683.639151581195,7.45884497828324,,
BFA,2000,2.687,896.477481510815,-0.304212168486803,,
BFA,2005,4.0,1171.76432319587,6.41504018369684,,0.333
BFA,2010,3.725,1449.42216382921,-0.764230734676768,,0.377
BFA,2015,4.472,1691.57935387408,0.724838981070517,,0.419
BFA,2020,4.59,2380.72282781802,1.88470066518847,,0.453
BFA,2024,3.441,2895.89152033665,4.19081721344523,,
BGD,1990,,940.65447083893,6.12671846981458,,0.397
BGD,1995,2.441,1206.36646705186,10.2978117947206,32.9,0.434
BGD,2000,3.27,1511.90500588844,2.20825620937535,33.4,0.477
BGD,2005,4.25,2019.73839563431,7.04661816222039,33.2,0.52
BGD,2010,3.379,2833.69544368864,8.12667639169917,32.1,0.561
BGD,2015,4.397,4212.23578089428,6.19428022984984,,0.621
BGD,2020,5.539,6640.58437331062,5.69107474746211,,0.663
BGD,2024,3.635,9646.76984383255,10.4657482763412,,
BGR,1990,,7547.98203130235,23.8000000000003,,0.706
BGR,1995,11.1,7742.85741674653,62.0548336837992,32.8,0.709
BGR,2000,16.218,6424.14537295881,10.316262128999,,0.733
BGR,2005,10.083,10291.428291498,5.03883807111902,,0.775
BGR,2010,10.279,14954.2543206827,2.43899060504113,35.7,0.799
BGR,2015,9.143,18896.102861651,-0.104633261008385,38.6,0.824
BGR,2020,5.037,27351.8607448601,1.67244096855756,40.5,0.826
BGR,2024,4.2,41969.4515718999,2.44651943006079,,
BHR,1990,,26902.061145816,0.929335437489093,,0.734
BHR,1995,1.044,38839.4365183712,2.70403475064704,,0.737
BHR,2000,1.081,45687.5217405647,-0.70485295309079,,0.775
BHR,2005,1.021,47268.2721612188,2.58620689655173,,0.791
BHR,2010,1.13,49254.5770084238,1.96188468334623,,0.81
BHR,2015,1.164,48034.2468880503,1.84862742374977,,0.868
BHR,2020,1.765,53436.0316999712,-2.31770629331379,,0.885
BHR,2024,1.084,66941.2430367989,0.919635459817651,,
BHS,1990,,19817.3559352245,4.66931912018676,,0.762
BHS,1995,10.83,20377.3363160798,2.06699495410042,,0.774
BHS,2000,7.118,25421.6229400308,1.60632941740579,,0.787
BHS,2005,10.2,29142.9002176758,1.59160618079802,,0.798
BHS,2010,14.435,29624.975385096,1.34402738392836,,0.801
BHS,2015,12.0,32137.5784729905,1.86148302863371,,0.807
BHS,2020,12.016,27204.625909518,0.0385210980054558,,0.797
BHS,2024,9.049,41197.9342548477,0.409162489083286,,
BIH,1990,,1042.76704125702,,,
BIH,1995,20.944,1506.82892477444,,,
BIH,2000,25.446,4147.92009953318,,,0.674
BIH,2005,30.218,5955.82944980971,,,0.698
BIH,2010,27.312,9085.74294205836,1.99621236745887,,0.725
BIH,2015,27.695,11845.4522958172,-1.03602303425474,,0.769
BIH,2020,15.868,16369.9353197836,-1.0512960076349,,0.783
BIH,2024,10.69,25043.0886396127,1.69212733599724,,
BLR,1990,,5220.47473044041,,,
BLR,1995,17.7,3845.7068203495,709.346032118606,28.7,0.692
BLR,2000,12.193,5795.65223573862,168.620235850934,31.2,0.724
BLR,2005,8.759,9636.89112385763,10.3388794457932,27.6,0.767
BLR,2010,6.052,15339.0999035972,7.735748043125,28.6,0.803
BLR,2015,5.881,18133.5313085883,13.5344897649735,25.6,0.825
BLR,2020,4.049,24872.3066744528,5.54814357456511,24.4,0.815
BLR,2024,3.458,33010.3307605357,5.78531910427999,,
BLZ,1990,,4467.10939538921,3.05907172995786,,0.617
BLZ,1995,12.48,6090.87963612643,2.88961584372151,57.5,0.647
BLZ,2000,10.841,7543.73447178525,3.06743966930585,,0.671
BLZ,2005,10.91,9466.1427445401,-1.1043104441191,,0.7
BLZ,2010,8.412,9747.8256219459,0.917977378808888,,0.727
BLZ,2015,7.578,9538.38691146009,-0.861584009427748,,0.721
BLZ,2020,10.763,9638.89513695889,0.121434644614894,,0.713
BLZ,2024,8.698,14346.5188049737,3.28955985952768,,
BOL,1990,,2796.6582759069,17.1187746048239,42.0,0.552
BOL,1995,2.664,3493.83709216274,10.1932067630745,,0.594
BOL,2000,2.439,4113.04245150496,4.60822998872598,61.6,0.63
BOL,2005,2.598,4937.86997682486,5.39323106890663,58.5,0.658
BOL,2010,2.609,6245.33863197671,2.50327605844241,,0.677
BOL,2015,3.111,8757.31777115406,4.05961041135645,46.7,0.704
BOL,2020,7.903,9580.98962081658,0.940742153381849,43.6,0.697
BOL,2024,3.274,12877.6351184372,5.09976568317427,,
BRA,1990,,6687.92294838768,2947.732772483,60.5,0.641
BRA,1995,7.092,8096.91149194686,66.0070335542481,59.5,0.666
BRA,2000,10.889,9091.76851349271,7.04414105947266,,0.69
BRA,2005,10.551,11081.2474735736,6.86953720898964,56.3,0.718
BRA,2010,8.42,14451.7158388109,5.03872690108075,,0.748
BRA,2015,8.538,14821.4383175183,9.02990102416136,51.9,0.764
BRA,2020,13.697,16101.6183062954,3.21176803803376,48.9,0.77
BRA,2024,6.801,22338.4765640635,4.36746407652337,,
BRB,1990,,11687.1661453303,3.07457271078017,,0.73
BRB,1995,19.66,12374.8287852829,1.87886279357229,,0.744
BRB,2000,9.35,15914.0847570681,2.43581303489137,,0.762
BRB,2005,9.08,18449.8108853234,6.08218729535043,,0.779
BRB,2010,10.69,20032.5818570838,5.82421853311866,,0.797
BRB,2015,9.803,19185.5186407924,-1.11278992510967,,0.8
BRB,2020,10.586,16555.3622145235,,,0.803
BRB,2024,6.448,24822.5343309908,-0.440112940205204,,
BRN,1990,,70200.7406426618,2.13866293163795,,0.781
BRN,1995,5.066,70440.0221115094,5.96664139499613,,0.784
BRN,2000,5.53,73086.9318257521,1.55815247634946,,0.792
BRN,2005,5.973,81534.17153993,1.24443711883965,,0.814
BRN,2010,6.487,79542.677943168,0.356869132017561,,0.83
BRN,2015,7.703,62707.8264437741,-0.488347420743522,,0.839
BRN,2020,7.409,69787.9632795717,1.94031996607184,,0.836
BRN,2024,5.18,89879.3614980758,-0.388674165036461,,
BTN,1990,,1637.87181211026,10.0118383223406,,
BTN,1995,1.4,2373.56846713951,9.48754836789369,,
BTN,2000,1.655,3113.045439264,4.01212081070342,,
BTN,2005,3.1,4523.35970644529,5.3126310463775,,
BTN,2010,3.32,7245.77263522404,7.03638316073019,,0.593
BTN,2015,2.45,10213.8139608922,4.54814395082205,,0.637
BTN,2020,5.03,12475.048003428,5.62936522632508,,0.688
BTN,2024,3.282,,2.76131569624098,,
BWA,1990,,6103.61612145385,11.3963461199556,,0.59
BWA,1995,21.394,7502.77894238533,10.512546081579,,0.583
BWA,2000,15.88,9380.37607253972,8.60148514851491,,0.594
BWA,2005,19.852,11458.2270967968,8.6102252854644,,0.616
BWA,2010,17.86,12753.3066340117,6.94887658743103,,0.652
BWA,2015,18.915,14143.6940733728,3.06203169580558,54.9,0.69
BWA,2020,21.017,15292.2624673252,1.8903591682421,,0.718
BWA,2024,23.81,20538.1320178889,2.81835131676251,,
CAF,1990,,620.391176505202,-0.0123304562272102,,0.342
CAF,1995,5.871,630.691681389742,19.1894039735098,,0.326
CAF,2000,5.722,639.836997022267,3.20340091563112,,0.333
CAF,2005,5.691,702.460624591232,2.88352073359022,,0.346
CAF,2010,5.658,936.485497371468,1.49102370047802,,0.358
CAF,2015,5.775,768.870887999174,1.40297017136816,,0.377
CAF,2020,6.519,1066.29005423151,1.71015659523153,,0.386
CAF,2024,6.253,1263.10234213699,1.47733600718744,,
CAN,1990,,20225.9601080799,4.78047693336304,31.4,0.865
CAN,1995,9.489,23474.2003753947,2.14876033057849,31.5,0.881
CAN,2000,6.829,29347.7879802126,2.71943995691976,33.4,0.894
CAN,2005,6.758,36328.378994377,2.21355203439767,33.6,0.909
CAN,2010,8.178,40103.1114399673,1.77687154092627,33.6,0.918
CAN,2015,6.945,44668.0912814303,1.12524136094277,33.7,0.932
CAN,2020,9.657,48590.6832121939,0.716999632307827,29.9,0.931
CAN,2024,6.351,64610.3795171971,2.38158383281173,,
CHE,1990,,28461.2377658811,5.4039590921894,,0.858
CHE,1995,3.094,30841.7771374956,1.79982776867144,,0.872
CHE,2000,2.658,36703.066164663,1.5585291967901,33.4,0.892
CHE,2005,4.437,41524.8488732932,1.17195420333703,,0.909
CHE,2010,4.808,54426.2828092789,0.688238707220026,32.6,0.945
CHE,2015,4.801,65265.04573356,-1.14390867228183,32.3,0.957
CHE,2020,4.817,72997.8239503282,-0.725874933313384,33.7,0.963
CHE,2024,4.343,96497.6947971323,1.06234041976595,,
CHL,1990,,4444.4667266396,26.0364811362364,57.2,0.718
CHL,1995,4.7,7231.59000885119,8.23263034116114,,0.739
CHL,2000,10.491,9375.65991088758,3.84327295706565,52.8,0.771
CHL,2005,9.34,12550.4348007645,3.05257621387849,,0.804
CHL,2010,8.547,17917.8951217097,1.41071107954321,,0.823
CHL,2015,6.605,22468.3125745547,4.34877353217044,45.3,0.855
CHL,2020,10.934,25350.8635082972,3.04549084804326,47.0,0.856
CHL,2024,8.718,36181.156616977,4.29763891572524,,
CHN,1990,,990.776190880307,3.05229012075233,32.2,0.491
CHN,1995,3.0,1883.87603000345,16.7912251650916,,0.543
CHN,2000,3.26,2963.53238602023,0.347811226864587,,0.598
CHN,2005,4.52,5148.18273933805,1.77641407667571,40.9,0.654
CHN,2010,4.53,9411.13821903204,3.17532475269199,43.7,0.71
CHN,2015,4.65,13463.3331511105,1.43702380935655,38.6,0.75
CHN,2020,5.0,18267.4783455827,2.41942189457782,37.1,0.786
CHN,2024,4.59,27104.8702677463,0.218128938439177,,
CIV,1990,,2693.36146600562,-0.80587969827806,,0.389
CIV,1995,4.1,2683.32097628214,14.2950690851945,40.6,0.399
CIV,2000,4.835,3040.57593185363,2.53077516737997,,0.419
CIV,2005,6.023,2841.82308798173,3.88583039886482,,0.435
CIV,2010,6.607,3360.54408826055,1.2264561213548,,0.465
CIV,2015,2.573,4403.64296618998,1.25149954781468,41.5,0.519
CIV,2020,2.588,5543.85096318939,2.41252617189053,,0.553
CIV,2024,2.273,7669.23195715687,3.45053028131019,,
CMR,1990,,2031.90998845273,1.09938128383608,,0.448
CMR,1995,8.598,1790.33914983641,9.06969071921509,,0.433
CMR,2000,7.533,2108.49454959751,1.22719012976132,,0.439
CMR,2005,4.4,2597.68039893219,2.01353950175986,,0.472
CMR,2010,4.11,2913.94292755606,1.27538046242338,,0.529
CMR,2015,3.518,3497.66067563959,2.676235314199,,0.575
CMR,2020,3.881,4365.44704128392,2.43760882182236,,0.579
CMR,2024,3.603,5588.98645861945,4.53331349711606,,
COD,1990,,832.068152559652,81.295404814004,,0.388
COD,1995,3.285,532.179280362158,541.908883239027,,0.385
COD,2000,3.245,416.548214460226,513.906843747535,,0.391
COD,2005,2.948,483.910024827321,21.3168167229341,,0.408
COD,2010,4.098,605.785160280927,7.10000000000037,,0.44
COD,2015,4.441,910.393131638657,0.74419899478147,,0.477
COD,2020,5.355,1088.7890035637,,44.7,0.506
COD,2024,4.421,1821.04868718058,,,
COG,1990,,3436.74969805645,2.88905374216947,,0.573
COG,1995,20.226,3434.06784062762,9.41800743452228,,0.551
COG,2000,19.872,3667.42487266336,-0.881991517025431,,0.545
COG,2005,19.796,4278.92538741319,3.09449011456182,47.3,0.569
COG,2010,19.3,5125.06991343643,0.391525011227612,,0.609
COG,2015,20.02,4715.13431581624,3.16909796750829,,0.643
COG,2020,22.286,4770.96449758365,1.79537147083108,,0.643
COG,2024,19.895,7026.36223281494,3.09143630919166,,
COL,1990,,5109.42000116133,29.1520245976215,,0.623
COL,1995,8.72,6505.56526221287,20.8917930194849,,0.655
COL,2000,20.52,6775.93064418811,9.22534818585366,58.4,0.679
COL,2005,11.062,8432.33329078314,5.05101962689696,53.9,0.711
COL,2010,11.153,10841.1279801312,2.27200227892008,54.6,0.741
COL,2015,8.572,13332.0555048211,4.9898311584953,51.0,0.767
COL,2020,15.983,15519.2101694656,2.52663500084706,53.5,0.764
COL,2024,9.619,22349.436440123,6.60908593728228,,
COM,1990,,1546.45112696499,,,
COM,1995,4.675,1657.45525880536,,,
COM,2000,4.4,1740.64947132869,,,0.461
COM,2005,4.527,2162.0719557682,3.0133239505812,,0.499
COM,2010,4.19,2372.41233989712,3.35475770328919,,0.534
COM,2015,4.031,2949.47342240993,-0.11717388419007,,0.565
COM,2020,4.468,3244.8867496847,0.786641929499151,,0.592
COM,2024,3.815,3958.53228789687,5.05192609588218,,
CPV,1990,,1044.45752446208,10.6535057862491,,
CPV,1995,12.883,1762.15888398011,8.35152497972927,,
CPV,2000,13.024,3124.49488355024,-2.47745668519835,,0.585
CPV,2005,13.439,4324.20232454639,0.41889161285517,,0.616
CPV,2010,10.67,6038.58525655665,2.07866470906424,,0.648
CPV,2015,11.923,6773.48679969386,0.131187999024545,42.4,0.658
CPV,2020,14.65,6852.57669930355,0.605795808395385,,0.647
CPV,2024,11.883,11195.1205312923,1.04817001091965,,
CRI,1990,,5020.63594092737,19.0397526635649,45.2,0.677
CRI,1995,5.18,6515.33709490214,23.1864981102567,45.7,0.706
CRI,2000,5.08,7879.47794966682,10.9615496593622,47.4,0.72
CRI,2005,6.749,9898.92919347319,13.7982949108987,47.5,0.748
CRI,2010,7.171,12927.564593015,5.66275708420021,48.0,0.776
CRI,2015,8.415,17525.1404625145,0.801982005099623,48.4,0.803
CRI,2020,16.432,22099.8678127394,0.724911478131376,49.2,0.819
CRI,2024,6.936,31106.7643556729,-0.412853001047069,45.8,
CUB,1990,,,,,0.687
CUB,1995,8.27,,,,0.664
CUB,2000,5.45,,,,0.697
CUB,2005,1.95,,,,0.747
CUB,2010,2.5,,,,0.783
CUB,2015,2.4,,,,0.769
CUB,2020,2.233,,,,0.762
CUB,2024,1.755,,,,
CYP,1990,,13348.10546875,4.50205462895843,,0.749
CYP,1995,2.6,17095.912109375,2.61581787956337,,0.777
CYP,2000,4.766,21295.78515625,4.14165764702061,,0.808
CYP,2005,5.481,27763.158203125,2.56016132330234,30.3,0.844
CYP,2010,6.359,33502.1640625,2.43004084102254,31.5,0.869
CYP,2015,15.026,31380.19921875,-2.0969976905311,34.0,0.882
CYP,2020,7.755,42569.0546875,-0.638422797978959,31.7,0.905
CYP,2024,4.9,63006.61328125,1.80023018624815,,
CZE,1990,,12848.2484124716,,,0.753
CZE,1995,4.082,13957.2702636739,8.99052361478445,,0.781
CZE,2000,8.764,16332.2910408629,3.77538829151734,,0.817
CZE,2005,7.927,22114.8363085202,1.8570978910922,26.9,0.856
CZE,2010,7.281,28153.8518610007,1.47272727272722,26.6,0.88
CZE,2015,5.048,34093.0280593748,0.309364548494975,25.9,0.9
CZE,2020,2.55,44839.4822099455,3.16129528497801,26.2,0.898
CZE,2024,2.6,57285.4237001379,2.43531202435314,,
DEU,1990,,19467.8150314767,2.69646824292392,,0.834
DEU,1995,8.158,23630.5518935199,1.70616041317076,28.8,0.87
DEU,2000,7.917,27473.6669767024,1.44026838719741,28.9,0.897
DEU,2005,11.193,32313.736788417,1.54691114751328,31.7,0.923
DEU,2010,7.043,39726.098692395,1.1038103778926,30.2,0.936
DEU,2015,4.612,48545.400721962,0.514426137125456,31.7,0.948
DEU,2020,3.881,58685.872699771,0.144877925813982,32.4,0.955
DEU,2024,3.4,73551.9347696836,2.2564981433876,,
DJI,1990,,,,,
DJI,1995,27.303,,,,0.318
DJI,2000,26.664,,,,0.337
DJI,2005,26.448,,3.10496640148298,,0.375
DJI,2010,26.368,,3.95007875923885,,0.421
DJI,2015,26.063,4263.96288890455,-0.847389733971996,,0.469
DJI,2020,27.701,5527.00185229888,1.7774078380617,,0.499
DJI,2024,26.007,7810.27869066792,2.07655387954199,,
DMA,1990,,4667.43499739096,3.19092323226821,,
DMA,1995,,5749.09715748776,1.3175374577497,,
DMA,2000,,7111.4131102869,0.856946805358483,,0.721
DMA,2005,,8557.41594949633,1.68190079877553,,0.732
DMA,2010,,10924.0953245506,2.99936630549,,0.747
DMA,2015,,12092.7315992676,-0.84382698463833,,0.741
DMA,2020,,14243.7623123898,1.22026442242476,,0.753
DMA,2024,,21300.6848698089,2.56921890367726,,
DNK,1990,,18225.4764138002,2.64160306382,,0.844
DNK,1995,6.992,22676.5211131952,2.08360842382846,23.0,0.862
DNK,2000,4.476,28647.8282830783,2.90328203236453,23.8,0.896
DNK,2005,4.83,34238.3218147437,1.81781458291254,25.2,0.917
DNK,2010,7.746,43037.5989192487,2.31092436974789,27.2,0.92
DNK,2015,6.278,48897.2099776611,0.452034153691575,28.2,0.943
DNK,2020,5.644,62682.2899474389,0.420711974110115,27.5,0.954
DNK,2024,5.358,81878.2349849181,1.37220049768918,,
DOM,1990,,3640.93767379126,50.4624792378524,,0.589
DOM,1995,6.439,4870.86165430794,12.5359594558963,,0.624
DOM,2000,6.432,6639.01131864822,7.72413566181616,51.5,0.658
DOM,2005,6.587,8215.03244576661,4.19020260472056,50.0,0.683
DOM,2010,5.212,11245.6811892201,6.32993220146146,47.3,0.715
DOM,2015,7.605,14804.0974069659,0.836746346724557,45.2,0.747
DOM,2020,6.126,18998.3069667315,3.78103179915517,39.6,0.767
DOM,2024,5.312,27541.6625283384,3.30223338951227,39.0,
DZA,1990,,7602.18725687265,16.6525343885432,,0.595
DZA,1995,31.84,7746.71683892991,29.7796264864999,35.3,0.608
DZA,2000,29.77,9186.81590342899,0.339163189071768,,0.651
DZA,2005,15.27,12246.2692243613,1.38244656662118,,0.692
DZA,2010,9.96,14201.3659906969,3.91106195534028,,0.718
DZA,2015,11.206,13807.3515841478,4.78444700693889,,0.737
DZA,2020,14.08,12676.5130564294,2.41513094083414,,0.742
DZA,2024,11.655,17620.7423956126,4.04611455313434,,
ECU,1990,,4631.5532583624,48.5191129963729,,0.646
ECU,1995,4.408,5469.14843537312,22.9341344145802,50.8,0.672
ECU,2000,4.8,5728.25249857133,96.0963756926096,56.3,0.683
ECU,2005,3.779,7457.46553606564,2.1682770118372,53.1,0.714
ECU,2010,4.088,8968.94040838943,3.55437734567843,48.8,0.737
ECU,2015,3.616,10877.7507461388,3.96664623255358,46.0,0.764
ECU,2020,6.116,11526.8013009278,-0.338872392562139,47.3,0.74
ECU,2024,3.453,15840.2668567412,1.54732515615369,45.2,
EGY,1990,,3566.03456540498,16.7563747077691,32.0,0.572
EGY,1995,11.04,4234.71346852449,15.7422305021596,30.1,0.609
EGY,2000,8.98,5451.51566992118,2.68380535348546,,0.639
EGY,2005,11.049,6554.12885095179,4.86939696871988,,0.648
EGY,2010,8.757,8837.76450033703,11.2651882653185,30.2,0.677
EGY,2015,13.052,10903.3368231185,10.370490343517,31.8,0.706
EGY,2020,7.974,15231.865417764,5.04493288977539,,0.736
EGY,2024,6.817,19094.1449444111,28.2705899322083,,
ERI,1990,,,,,
ERI,1995,5.349,1368.77876285653,,,
ERI,2000,5.656,1557.87580231581,,,
ERI,2005,5.721,1674.07005453978,,,0.474
ERI,2010,5.854,1599.19106106457,,,0.465
ERI,2015,5.751,,,,0.48
ERI,2020,6.375,,,,0.495
ERI,2024,5.947,,,,
ESH,1990,,,,,
ESH,1995,,,,,
ESH,2000,,,,,
ESH,2005,,,,,
ESH,2010,,,,,
ESH,2015,,,,,
ESH,2020,,,,,
ESH,2024,,,,,
ESP,1990,,13675.6055336815,6.72181952228657,32.0,0.766
ESP,1995,22.675,16275.8548504628,4.67380337624704,35.7,0.804
ESP,2000,13.785,21582.2067955558,3.43351563418767,34.1,0.833
ESP,2005,9.146,27629.7077024966,3.36881409750383,32.4,0.857
ESP,2010,19.86,31804.6746571689,1.79986457728769,35.2,0.875
ESP,2015,22.057,35228.6333036223,-0.500365709903242,36.2,0.895
ESP,2020,15.532,39327.8479269599,-0.322753017299739,34.9,0.901
ESP,2024,11.4,57965.2948138837,2.77417826534772,,
EST,1990,,7480.8983405163,,,0.738
EST,1995,9.659,6479.67745901232,28.7766137208514,30.1,0.725
EST,2000,13.36,9424.5071547444,4.01848952508763,35.8,0.793
EST,2005,8.033,16638.0779749397,4.07971423199849,33.4,0.847
EST,2010,16.707,21614.3068307361,2.97204512015694,32.0,0.868
EST,2015,6.412,29712.6299473728,-0.49232600654737,32.7,0.888
EST,2020,6.956,40672.1340402132,-0.44453109767983,30.7,0.901
EST,2024,7.6,49968.7108278373,3.52056053296586,,
ETH,1990,,417.026578466478,5.15248124174767,,
ETH,1995,3.005,409.294333195293,10.0221733553239,44.6,
ETH,2000,3.499,473.903313482073,0.662458109266482,,0.293
ETH,2005,2.497,624.510692425695,9.96997123512892,,0.35
ETH,2010,2.295,995.653978578747,8.14926402965082,33.2,0.415
ETH,2015,2.442,1632.61818006837,9.56889955968623,35.0,0.456
ETH,2020,3.998,2406.78938478669,20.3563468559061,,0.486
ETH,2024,3.357,3287.53492158893,21.0377460577711,,
FIN,1990,,18148.6227791552,6.1495653117985,,0.823
FIN,1995,17.005,19567.7826444216,0.791239406938498,23.5,0.856
FIN,2000,11.134,26782.8574259016,3.04210080667795,27.2,0.898
FIN,2005,9.602,32047.7069315564,0.623874450025191,27.6,0.914
FIN,2010,8.394,38946.228265358,1.18413523154646,27.7,0.92
FIN,2015,9.376,42257.8593791297,-0.207928839905268,27.1,0.938
FIN,2020,7.759,53296.5792798852,0.290554555653239,27.1,0.947
FIN,2024,8.4,65378.3841859721,1.56568906231616,,
FJI,1990,,3881.56481605171,8.19137132040972,,0.629
FJI,1995,4.651,4817.86433873296,2.16564721441535,,0.653
FJI,2000,4.697,5520.70756345658,1.09216459977386,,0.668
FJI,2005,3.886,6651.78559177015,2.36576453830435,,0.681
FJI,2010,4.345,7339.47685170287,3.68901229670758,,0.697
FJI,2015,4.288,11519.3012187324,1.37488542621446,,0.715
FJI,2020,5.054,10716.2914367663,-2.59524325887372,,0.718
FJI,2024,5.361,15450.2993265388,4.51138256524155,,
FLK,1990,,,,,
FLK,1995,,,,,
FLK,2000,,,,,
FLK,2005,,,,,
FLK,2010,,,,,
FLK,2015,,,,,
FLK,2020,,,,,
FLK,2024,,,,,
FRA,1990,,17474.7533591153,3.19428338029475,32.1,0.798
FRA,1995,11.834,20701.38123435,1.79648142095595,,0.837
FRA,2000,10.218,26007.4432303376,1.67595988720927,32.6,0.852
FRA,2005,8.882,30431.2367240202,1.74586936380482,29.8,0.877
FRA,2010,9.279,35907.5531031574,1.53112270420926,33.7,0.888
FRA,2015,10.354,40905.1767750994,0.0375143805125182,32.7,0.901
FRA,2020,8.009,49481.8044309655,0.476498852725066,30.7,0.909
FRA,2024,7.4,62556.91810454,1.99904942291463,,
FSM,1990,,1675.41465339438,,,
FSM,1995,,2226.06928989402,,,
FSM,2000,,2346.91905346727,2.15851810619419,,0.596
FSM,2005,,2728.61800192302,4.25769978210942,42.4,0.601
FSM,2010,,3063.03751923564,3.31370963136217,,0.603
FSM,2015,,3288.92160669275,-0.2981158373807,,0.604
FSM,2020,,3683.98981483674,0.554594630853174,,0.609
FSM,2024,,4346.84249671875,,,
GAB,1990,,11952.0243620827,7.72532188841208,,0.621
GAB,1995,17.388,13750.1072324947,9.64653104079616,,0.64
GAB,2000,17.848,13326.1169521318,0.504920025834859,,0.652
GAB,2005,16.91,14028.356207939,3.70833333333304,42.2,0.671
GAB,2010,20.39,14014.6905491122,1.46154402720469,,0.684
GAB,2015,19.943,14306.4340768252,-0.338795188753406,,0.72
GAB,2020,21.279,14477.1308291744,1.35276110675333,,0.732
GAB,2024,20.091,21510.1725307344,1.17311998381218,,
GBR,1990,,16505.4176376936,8.06346090938833,35.7,0.812
GBR,1995,8.694,20594.6104075749,2.69749518304432,35.5,0.835
GBR,2000,5.558,26535.5018554582,1.18295624210408,38.8,0.87
GBR,2005,4.884,32726.1331883772,2.0891364902507,35.5,0.903
GBR,2010,7.973,36483.5682802621,2.49265472467065,33.7,0.921
GBR,2015,5.552,42515.278865824,0.36804684232536,33.3,0.931
GBR,2020,4.472,48230.0477027461,0.989486703772491,32.6,0.93
GBR,2024,4.361,62009.4907765366,3.2715729463592,,
GEO,1990,,5835.58091333477,,,
GEO,1995,7.6,1918.76988598651,162.717152150377,,
GEO,2000,10.82,3161.19582490118,4.06396201382596,40.5,0.705
GEO,2005,13.81,5271.95095261655,8.24709043114158,37.4,0.744
GEO,2010,20.203,7711.80683889487,7.11017897486099,39.5,0.77
GEO,2015,16.506,12269.6528932768,4.00357820695097,36.5,0.807
GEO,2020,11.734,16791.2598654465,5.2024648897534,34.5,0.822
GEO,2024,11.557,28285.0732802982,1.10971758022096,33.9,
GHA,1990,,1580.65048833616,37.2590664855671,,0.432
GHA,1995,6.484,1946.82217283298,59.4615536991446,,0.459
GHA,2000,10.456,2315.17803047482,40.240933123914,,0.487
GHA,2005,5.816,2903.83429043881,15.4389920155908,42.8,0.515
GHA,2010,5.384,3855.46891716757,10.7333898354915,,0.558
GHA,2015,6.806,5191.37053389659,17.1499695007878,,0.588
GHA,2020,3.178,6047.30111673554,9.88728956269944,,0.614
GHA,2024,2.82,8019.99702389611,22.8483281157842,,
GIN,1990,,870.744222648833,,,0.282
GIN,1995,4.494,1013.63232372878,,,0.314
GIN,2000,4.586,1195.80611453345,,,0.359
GIN,2005,4.814,1422.35088198922,31.3733025877534,,0.401
GIN,2010,5.018,1621.69161141242,15.0502688559001,,0.43
GIN,2015,5.15,1929.68091332187,11.7800825029834,,0.465
GIN,2020,6.007,3331.85663003801,10.6016203387167,,0.488
GIN,2024,5.132,4565.3007888456,8.12313914948596,,
GMB,1990,,1409.3272189486,12.1677841130696,,0.331
GMB,1995,10.153,1472.19762507905,6.98097441830556,,0.37
GMB,2000,9.722,1731.3384764555,0.8449695667737,,0.403
GMB,2005,9.92,1938.02362742194,4.83862177543157,,0.436
GMB,2010,9.673,2266.82898238442,5.04968075857402,43.6,0.463
GMB,2015,7.226,1990.31625750973,6.8084549457961,35.9,0.482
GMB,2020,5.84,2530.80414937307,5.93127636562441,38.8,0.512
GMB,2024,6.48,3475.61245701341,11.5610532897511,,
GNB,1990,,824.102250619802,33.0019778318026,,
GNB,1995,3.126,945.246706228473,45.3653083621856,,
GNB,2000,3.358,1013.97349183331,8.63632094930278,,
GNB,2005,3.184,1186.62631354737,3.32919922802856,,0.412
GNB,2010,3.121,1369.68917066121,2.51785140171701,50.6,0.452
GNB,2015,3.168,1729.94260310123,1.47672048910485,,0.481
GNB,2020,2.887,2339.79326967821,1.14000939393222,,0.498
GNB,2024,2.647,3119.37157047437,3.76555825770114,,
GNQ,1990,,577.395478707944,0.857871551124735,,
GNQ,1995,7.16,1098.25498920183,19.8724349483472,,
GNQ,2000,7.444,7420.39310111594,4.80228886901398,,0.508
GNQ,2005,7.667,22137.0497795007,5.63163351357613,,0.566
GNQ,2010,7.847,26167.8268525276,7.78916547991184,,0.612
GNQ,2015,7.778,19478.7010123338,1.67663085315988,,0.656
GNQ,2020,8.625,13677.110587517,4.76669523944228,,0.668
GNQ,2024,8.293,17566.7600284073,2.92140227309103,,
GRC,1990,,13126.2744827516,20.433499109463,,0.77
GRC,1995,10.116,15217.8019629681,8.93451415961517,37.0,0.792
GRC,2000,11.345,18819.8544320117,3.1511816249383,34.4,0.828
GRC,2005,10.074,25003.8297466933,3.54507273335078,34.6,0.863
GRC,2010,12.719,27838.73639086,4.71298907760388,34.1,0.876
GRC,2015,24.981,26607.7256796976,-1.73588804765284,36.0,0.888
GRC,2020,15.899,29533.087740299,-1.24798355581405,33.6,0.896
GRC,2024,10.02,44327.2097808276,2.74149045788606,,
GRD,1990,,4552.95522181704,2.72423736530525,,
GRD,1995,,5062.0755370584,1.86882475298978,,
GRD,2000,,7305.72456197879,2.18181818181821,,
GRD,2005,,10016.3479735194,3.475806937554,,0.764
GRD,2010,,10344.3839189192,3.43650905943351,,0.771
GRD,2015,,13214.4096644941,-0.515448031435329,,0.782
GRD,2020,,14361.1267154452,-0.740732597045498,,0.782
GRD,2024,,20177.8094927386,1.08615365134737,,
GTM,1990,,3329.59677072946,41.2218671380973,,0.499
GTM,1995,2.117,4055.4386529756,8.41141312270566,,0.522
GTM,2000,2.143,4714.96666200848,5.97757734737136,54.2,0.563
GTM,2005,3.059,5486.27776986281,9.1086498571922,,0.583
GTM,2010,3.497,6510.09980949963,3.8595090983316,,0.623
GTM,2015,2.506,8934.00261178396,2.3887203283955,,0.638
GTM,2020,2.965,10947.3711292197,3.21444062197345,,0.645
GTM,2024,2.613,14368.6605681815,2.86992752918294,,
GUF,1990,,,,,
GUF,1995,,,,,
GUF,2000,,,,,
GUF,2005,,,,,
GUF,2010,,,,,
GUF,2015,,,,,
GUF,2020,,,,,
GUF,2024,,,,,
GUY,1990,,3021.60951472208,,,0.494
GUY,1995,11.566,4752.65240551821,12.2105263157895,,0.536
GUY,2000,11.917,5859.91791902933,6.14854333024871,,0.567
GUY,2005,11.085,6761.1179841322,6.92554303890157,,0.61
GUY,2010,11.632,9336.59830212594,3.73337757704246,,0.647
GUY,2015,13.009,11408.473901349,-1.00173432776374,,0.683
GUY,2020,15.308,16819.4228714695,0.99333702283873,,0.722
GUY,2024,11.874,80155.03939277,2.90395226446373,,
HKG,1990,,18251.7185788383,10.4265402843602,,0.755
HKG,1995,3.22,24713.1954269103,9.07738095238091,,0.8
HKG,2000,4.92,28224.5090219727,-3.68550368550369,,0.839
HKG,2005,5.58,38079.5726781956,0.826446280991827,,0.872
HKG,2010,4.329,49197.6469338098,2.29289088604673,,0.912
HKG,2015,3.314,56043.042695697,2.99084819322581,,0.937
HKG,2020,5.808,58187.4764072535,0.2509620210808,,0.95
HKG,2024,2.988,75195.9865970615,1.72972119105914,,
HND,1990,,540.018768788537,23.3225664366467,55.9,0.516
HND,1995,3.24,1328.73446363105,29.4645292281585,55.5,0.537
HND,2000,3.883,2587.42253930427,11.0480349344976,,0.558
HND,2005,4.909,3203.95918990724,8.80906074819819,59.5,0.578
HND,2010,4.119,3757.5464206245,4.69889064976226,53.1,0.596
HND,2015,6.147,4845.59566521125,3.15783117980923,49.2,0.61
HND,2020,10.982,5384.69831983038,3.46841177951184,,0.625
HND,2024,4.91,7486.01869616445,4.60621098127107,45.7,
HRV,1990,,9525.98514257985,500.000000000001,,
HRV,1995,10.007,8051.7884214595,3.95010395010402,,0.713
HRV,2000,16.064,10674.5257032509,4.61131554737801,31.3,0.769
HRV,2005,12.598,15450.8118988907,3.31717824448045,,0.814
HRV,2010,11.62,20139.2955371548,1.03055505333574,32.4,0.831
HRV,2015,16.15,23749.636747943,-0.464499004644911,31.1,0.852
HRV,2020,7.389,31594.0111922141,0.154811374562106,29.5,0.867
HRV,2024,5.0,49550.7921506017,2.97200477643618,,
HTI,1990,,2202.2277471919,21.2760320067832,,0.461
HTI,1995,7.51,1989.01647380882,27.6081851727601,,0.473
HTI,2000,8.443,2228.50133637731,9.33322197565603,,0.497
HTI,2005,14.559,2427.44808551393,13.973008326384,,0.516
HTI,2010,15.244,2694.91104137315,4.82734190074673,,0.452
HTI,2015,13.785,3025.83461728258,6.73184069658997,,0.552
HTI,2020,15.573,3103.18066312462,22.7963113642528,,0.555
HTI,2024,14.609,3193.67136419915,26.9490564091987,,
HUN,1990,,9169.12684065445,28.3695996532777,,0.73
HUN,1995,10.168,9222.18538242597,28.3054683706654,,0.744
HUN,2000,6.563,11871.6712053699,9.80361016908125,27.2,0.781
HUN,2005,7.189,17091.2761318193,3.56151711378352,34.7,0.816
HUN,2010,11.172,21690.9866477738,4.85555795691956,29.4,0.838
HUN,2015,6.813,26937.7320818864,-0.0616446800641672,30.4,0.847
HUN,2020,4.248,35583.5855675637,3.32674385766738,,0.857
HUN,2024,4.5,48552.4708092529,3.70370370370369,,
IDN,1990,,3043.94197509412,7.81919756505635,31.1,0.531
IDN,1995,4.611,4451.00021287614,9.42030300572996,,0.575
IDN,2000,6.077,4639.03942639464,3.68862037056682,30.3,0.6
IDN,2005,7.945,6134.1667301082,10.4532001873347,29.9,0.638
IDN,2010,5.614,8353.45684733249,5.13420639015885,34.6,0.67
IDN,2015,4.514,10027.5372996025,6.36312061196646,38.2,0.701
IDN,2020,4.255,11729.3674458448,1.91983527270793,35.3,0.71
IDN,2024,3.301,16448.2755179559,2.18151273615189,34.9,
IND,1990,,1211.98252596236,8.9712325027325,,0.446
IND,1995,7.57,1578.67124418308,10.2248861637544,,0.469
IND,2000,7.589,2090.85806894486,4.0094359104519,,0.501
IND,2005,7.551,2936.80322011933,4.24634362031922,,0.547
IND,2010,7.631,4206.45986002117,11.9893899204244,,0.59
IND,2015,7.629,5425.03599091046,4.90697344127256,,0.633
IND,2020,7.859,6966.27542785911,6.62343677628535,,0.652
IND,2024,4.173,11159.9856476091,4.95303550973656,,
IRL,1990,,13742.8758185709,3.31732886680118,,0.776
IRL,1995,11.97,18944.0443391881,2.52486446780802,37.0,0.809
IRL,2000,4.318,30215.9324896691,5.57763269940387,33.0,0.869
IRL,2005,4.237,40466.2343515711,2.45654692931639,33.8,0.905
IRL,2010,14.534,43212.2040003212,-0.918388645376774,32.3,0.915
IRL,2015,9.908,71588.2656638378,-0.330959783371788,31.8,0.931
IRL,2020,5.623,97799.9225748607,-0.326183651280033,29.2,0.948
IRL,2024,4.3,133437.470117019,2.11344999577317,,
IRN,1990,,7565.85440732493,7.62767493763934,43.6,0.626
IRN,1995,9.904,9255.33507082465,49.6559858462746,,0.672
IRN,2000,11.698,11186.8999218792,14.4767513188567,,0.71
IRN,2005,11.813,15016.2676076876,13.433118008508,43.6,0.746
IRN,2010,13.679,18627.815202271,10.0893629287979,,0.778
IRN,2015,11.166,14273.5499061586,12.4846815611533,35.3,0.788
IRN,2020,9.687,15119.3058859964,30.5941390387295,35.8,0.775
IRN,2024,8.146,19873.8860853805,32.455871402917,,
IRQ,1990,,,,,0.531
IRQ,1995,8.431,4597.62130801613,387.310847766638,,0.538
IRQ,2000,8.038,10627.9400727491,4.97896213183735,,0.592
IRQ,2005,8.57,9457.04454256902,36.9594809201871,,0.609
IRQ,2010,8.267,12186.1929623841,2.8777472527476,,0.65
IRQ,2015,10.865,9334.46604866315,1.39333028780309,,0.675
IRQ,2020,15.766,10573.9304750715,0.574162679425795,,0.68
IRQ,2024,15.293,14464.3186928173,-12.2969837587007,,
ISL,1990,,21985.0469603036,15.510721994253,,0.841
ISL,1995,5.196,23954.2791966976,1.65123150116658,,0.863
ISL,2000,1.936,29789.2463608304,5.13647123245151,,0.902
ISL,2005,2.547,37322.7399272793,3.98704782806593,29.0,0.935
ISL,2010,7.564,39763.988895791,5.39673113167477,26.2,0.935
ISL,2015,3.979,49201.0640964553,1.63305558181326,26.8,0.956
ISL,2020,5.478,55796.7454667632,2.84792401518665,,0.965
ISL,2024,3.6,84256.8454573112,5.85683849970066,,
ISR,1990,,15721.3264818613,17.2553348050036,,0.787
ISR,1995,8.782,20641.771699307,9.93389990557126,,0.81
ISR,2000,11.102,25766.1567835118,1.03263640999489,,0.839
ISR,2005,11.342,25700.9862605809,1.34070328119492,42.3,0.858
ISR,2010,8.48,29455.9546732511,2.70270270270273,42.6,0.889
ISR,2015,5.176,35870.7927156301,-0.617342577642765,39.7,0.902
ISR,2020,4.169,40955.2856179152,-0.575254620897756,37.8,0.912
ISR,2024,3.595,57235.7763244136,3.07480889805025,,
ITA,1990,,18680.297476875,6.456609061464,,0.787
ITA,1995,11.661,22446.0455046057,5.23542258044301,35.2,0.823
ITA,2000,10.834,27152.1544907116,2.53768532095002,35.2,0.849
ITA,2005,7.73,30137.8180374437,1.9852929852798,33.8,0.876
ITA,2010,8.363,34974.1045135807,1.52551602118248,34.7,0.887
ITA,2015,11.896,37384.3796455406,0.0387903996579733,35.4,0.889
ITA,2020,9.192,44435.6434393527,-0.13770757391651,35.2,0.899
ITA,2024,6.5,62014.2675153689,0.982373023061417,,
JAM,1990,,5105.50625987547,21.9601751165083,41.1,0.662
JAM,1995,6.325,6657.15227020372,19.9087488364168,,0.665
JAM,2000,6.752,6816.410294822,8.17108356120225,,0.659
JAM,2005,6.577,8127.37945036695,15.0528658875905,,0.687
JAM,2010,7.63,8521.28876417328,12.6105519975603,,0.708
JAM,2015,8.825,9476.14929465037,3.69154228855725,,0.713
JAM,2020,6.501,9764.3525879784,5.2267777929352,,0.711
JAM,2024,3.151,12890.2660051472,5.41194447981659,,
JOR,1990,,4317.16151245544,16.1921375615233,,0.619
JOR,1995,14.6,5026.53580162916,2.35312451301273,,0.653
JOR,2000,13.7,5640.65728199166,0.66688092559796,,0.672
JOR,2005,14.8,7696.9450167189,3.49368534619531,,0.713
JOR,2010,12.5,9416.64386806071,4.84551875852116,33.7,0.732
JOR,2015,13.075,8967.07995837808,-0.876851359704049,,0.743
JOR,2020,19.213,9579.20081317696,0.333294350628378,,0.743
JOR,2024,16.693,10821.4909765317,1.55659611283953,,
JPN,1990,,19911.8140092776,3.0785162869516,,0.853
JPN,1995,3.15,23858.1167422807,-0.127899045020446,,0.874
JPN,2000,4.748,27287.9793301608,-0.676578683595175,,0.889
JPN,2005,4.446,32169.867493646,-0.282946068764391,,0.9
JPN,2010,5.102,35336.0080490032,-0.728243207517779,31.5,0.907
JPN,2015,3.385,40898.80697396,0.795279630579839,30.7,0.917
JPN,2020,2.809,42425.6946789651,-0.024995834027731,32.3,0.922
JPN,2024,2.5,52039.1716551611,2.73853681635241,,
KAZ,1990,,7874.18736356954,,,0.689
KAZ,1995,10.98,5595.43398949421,176.15529894237,,0.665
KAZ,2000,12.75,7418.19612076858,13.1808905865731,,0.692
KAZ,2005,8.13,13226.1466963892,7.57999929125767,39.8,0.754
KAZ,2010,5.77,18641.8061477073,7.40046356341397,28.0,0.781
KAZ,2015,4.93,22484.3651382607,6.67828585615244,26.8,0.819
KAZ,2020,4.89,29039.8229624509,6.71815454861464,28.7,0.826
KAZ,2024,4.833,40890.9317694408,8.83943897452672,,
KEN,1990,,1729.27344602951,17.78181442992,,0.485
KEN,1995,2.848,1817.60888095695,1.55432816055009,,0.488
KEN,2000,2.884,1906.89794095999,9.98002515350979,,0.5
KEN,2005,2.739,2188.6956101775,10.3127783574683,46.4,0.532
KEN,2010,2.793,2634.89271323826,3.96138889115385,,0.552
KEN,2015,2.762,3678.32614146019,6.58215429284779,40.8,0.583
KEN,2020,5.613,4792.57315847182,5.40516207933392,36.2,0.6
KEN,2024,5.487,6644.13093243895,4.48978854243448,,
KGZ,1990,,2543.74131037288,,,0.649
KGZ,1995,1.539,1401.15681749774,,,0.59
KGZ,2000,2.143,1861.86559711699,18.7007342838023,31.0,0.627
KGZ,2005,2.816,2385.59446517801,4.3386739184431,32.6,0.648
KGZ,2010,3.503,3075.61554332455,7.96772225579684,30.1,0.668
KGZ,2015,4.138,4153.3766990372,6.50331838993384,29.0,0.695
KGZ,2020,5.945,5178.5619670404,6.32542296338078,29.0,0.7
KGZ,2024,3.491,8012.45464442194,,,
KHM,1990,,1409.71391688348,,,0.387
KHM,1995,0.973,1005.8760954135,-0.798944337811878,,0.404
KHM,2000,0.745,1255.64037842372,-0.791992529473567,,0.438
KHM,2005,1.061,2038.1459862512,6.61525912001587,,0.514
KHM,2010,0.771,2988.50401439457,3.99639528107218,,0.543
KHM,2015,0.393,4433.64393500572,1.22393195511119,,0.562
KHM,2020,0.172,5942.45380373929,2.9402951426397,,0.595
KHM,2024,0.254,7966.87352428705,0.808042016536654,,
KIR,1990,,1191.53077017839,,,
KIR,1995,,1518.23275023088,,,
KIR,2000,,1637.93601427336,,,
KIR,2005,,1616.57992111619,,,0.588
KIR,2010,,1724.46710150819,-3.89955040651649,,0.6
KIR,2015,,2310.60312873612,0.572015743634256,,0.623
KIR,2020,,2710.90622817554,2.5532455441463,,0.632
KIR,2024,,3702.32594703115,2.45545072159028,,
KNA,1990,,8983.49069432821,4.01098407755617,,
KNA,1995,,11746.8243229748,2.9568002509262,,
KNA,2000,,15256.4305904132,2.14885532743696,,
KNA,2005,,19500.3236562848,3.37781903988238,,0.758
KNA,2010,,23691.4477936151,0.850878649795844,,0.791
KNA,2015,,26877.4665031101,-2.30187563045616,,0.83
KNA,2020,,27326.036057423,-1.16724501769353,,0.828
KNA,2024,,34846.6035342828,,,
KOR,1990,,8567.46338825817,8.57327225728677,,0.738
KOR,1995,2.063,13921.1359823272,4.48074108557248,,0.789
KOR,2000,4.063,19236.9088359303,2.25916580080157,,0.83
KOR,2005,3.482,26179.3421262581,2.75379162735039,,0.866
KOR,2010,3.324,33120.351934563,2.93928652655686,32.0,0.894
KOR,2015,3.546,39794.1961180043,0.70633177245575,,0.914
KOR,2020,3.931,47881.4921344193,0.537288023411737,32.7,0.928
KOR,2024,2.784,61051.3492502498,2.32174328643542,,
KWT,1990,,30763.066931326,9.83363531543402,,0.698
KWT,1995,0.694,57163.349156996,2.68672756582484,,0.763
KWT,2000,0.8,58702.8672675608,1.81294613887089,,0.778
KWT,2005,1.455,84968.0197570073,4.14297583631023,,0.798
KWT,2010,1.82,75184.0865924781,4.49640287769787,,0.812
KWT,2015,2.2,45267.3085347452,3.27170166092133,,0.832
KWT,2020,3.489,41461.7235642777,2.101729548274,,0.837
KWT,2024,2.151,52443.5969223626,2.89855072463762,,
LAO,1990,,1012.01459420163,35.642982971227,,0.409
LAO,1995,2.6,1348.79798272061,19.5939189878584,,0.436
LAO,2000,2.045,1793.88582607334,25.0846414281315,,0.473
LAO,2005,1.35,2519.46135100017,7.16541759946639,,0.514
LAO,2010,0.708,3772.26605172404,5.98254521550082,,0.556
LAO,2015,2.006,6086.0673044622,1.27735427102992,,0.604
LAO,2020,2.349,7913.38660650276,5.10407262959919,,0.616
LAO,2024,1.174,9775.82817381023,23.1305695942588,,
LBN,1990,,2990.33608512844,,,
LBN,1995,8.421,6795.67660105356,,,
LBN,2000,8.641,7937.95653006732,,,
LBN,2005,8.249,10019.9941540441,,,0.71
LBN,2010,6.768,14703.6153215084,3.98347941855833,,0.75
LBN,2015,9.312,17045.898285301,-3.74914524799629,,0.763
LBN,2020,13.252,16259.7051312281,84.8643330472041,,0.75
LBN,2024,,,45.2430422716718,,
LBR,1990,,786.525809458321,,,
LBR,1995,2.588,254.388474581395,,,
LBR,2000,2.018,965.395523330548,,,0.443
LBR,2005,2.413,774.032567790285,10.8343588481414,,0.446
LBR,2010,2.266,980.1181397741,7.28992796890218,,0.467
LBR,2015,2.557,1340.43279741197,7.74869687621322,,0.48
LBR,2020,4.102,1659.52109145991,16.9557241496255,,0.498
LBR,2024,2.914,1871.04406164262,8.21497439118964,,
LBY,1990,,17172.6033096082,8.45146240803882,,0.69
LBY,1995,19.331,18952.000871347,7.23798494499129,,0.712
LBY,2000,19.275,20616.9848683599,-2.90000000000024,,0.727
LBY,2005,18.66,26902.8985878895,2.65020576131657,,0.747
LBY,2010,19.321,30234.0918728805,2.79989500109268,,0.755
LBY,2015,19.69,17903.2565395803,10.4022933588151,,0.728
LBY,2020,19.651,10954.799045265,1.44703656998741,,0.688
LBY,2024,19.085,14303.8087736988,2.12615766885025,,
LCA,1990,,6950.84435927785,4.26755662855972,,0.683
LCA,1995,15.83,8222.22323122578,5.62965921512378,42.6,0.698
LCA,2000,16.49,9313.73279695482,3.7107860871361,,0.71
LCA,2005,18.7,10818.3104254683,3.89827370759476,,0.73
LCA,2010,17.118,12717.7865966902,3.25034409180129,,0.749
LCA,2015,20.84,14353.2224845845,-0.983600952696996,43.7,0.757
LCA,2020,25.224,14912.159584235,-1.75580833517594,,0.734
LCA,2024,10.199,27567.3280779839,-0.110283575834694,,
LIE,1990,,,,,
LIE,1995,,,,,
LIE,2000,,,,,0.882
LIE,2005,,,,,0.903
LIE,2010,,,,,0.914
LIE,2015,,,,,0.925
LIE,2020,,,,,0.929
LIE,2024,,,,,
LKA,1990,,2527.442952533,21.495252052759,32.4,0.638
LKA,1995,12.27,3454.27501157563,7.67484873449805,35.4,0.667
LKA,2000,7.74,4367.80358983464,6.17627591012045,,0.702
LKA,2005,7.67,5678.74647778512,11.6396860971118,,0.721
LKA,2010,4.784,8233.62663813947,6.2176488930462,,0.748
LKA,2015,4.519,12227.1714849513,3.76836783062096,,0.769
LKA,2020,5.364,12940.9043295749,6.15394508391738,,0.78
LKA,2024,4.239,15632.5924849848,-0.42936004906973,,
LSO,1990,,764.057315373577,11.6347569955818,,0.483
LSO,1995,15.797,1036.78808522046,9.27083333333323,,0.476
LSO,2000,16.169,1272.924433991,6.13197538722696,,0.462
LSO,2005,16.031,1680.87364079911,3.43788423057443,,0.454
LSO,2010,16.068,2152.91528289768,-2.40524254598706,,0.478
LSO,2015,16.223,3034.64692924848,3.21844513655931,,0.517
LSO,2020,18.385,2559.09776077846,4.97809676252309,,0.537
LSO,2024,16.34,3001.16311951334,6.10544624245032,,
LTU,1990,,9029.81585997399,,,0.745
LTU,1995,17.54,6022.50226031185,39.6476290328289,,0.706
LTU,2000,15.931,8474.59300330083,0.981615478857598,31.7,0.778
LTU,2005,8.325,13951.3261880977,2.65848484065262,35.3,0.828
LTU,2010,17.814,18718.9043711358,1.31921362055463,33.6,0.854
LTU,2015,9.12,26948.5919371645,-0.884097405500596,37.4,0.869
LTU,2020,8.487,41262.7276941725,1.19989444983569,36.0,0.888
LTU,2024,6.851,55285.8991934304,0.715735835228723,,
LUX,1990,,29948.9365501492,3.25376659083639,27.7,0.787
LUX,1995,2.918,38345.0967648472,1.86769424969105,28.3,0.824
LUX,2000,2.345,55136.0609983789,3.15076707022592,30.1,0.861
LUX,2005,4.488,68787.8547494266,2.48769665164088,30.8,0.879
LUX,2010,4.423,90336.0184704033,2.2736791162154,30.5,0.909
LUX,2015,6.796,107859.685999308,0.474743161437779,32.9,0.913
LUX,2020,6.766,122066.739147202,0.819957302127036,33.4,0.916
LUX,2024,6.4,155941.288210791,2.05113269954859,,
LVA,1990,,7447.94852886705,,,0.736
LVA,1995,19.0,5391.04513303111,24.9759355316751,31.0,0.695
LVA,2000,14.211,7848.90854892793,2.65425477796048,,0.764
LVA,2005,10.033,12825.873779559,6.74845027893112,39.0,0.818
LVA,2010,19.482,16373.4037320495,-1.08463595015162,35.0,0.833
LVA,2015,9.873,22543.9183164105,0.174242243625186,34.2,0.859
LVA,2020,8.098,32741.4207691987,0.219064904842156,35.7,0.879
LVA,2024,6.9,43394.2732822314,1.26579885828729,,
MAC,1990,,27936.3742290616,7.96969384363224,,
MAC,1995,3.581,34329.5335162915,8.55866604308446,,
MAC,2000,6.874,34686.9487205344,-1.60971883961895,,
MAC,2005,4.158,60569.4566444726,4.39589284335676,,
MAC,2010,2.84,99835.0846406553,2.80947242060845,,
MAC,2015,1.81,108656.763904919,4.56056338028164,,
MAC,2020,2.542,57077.5325705099,0.811410511491651,,
MAC,2024,2.262,126959.917138906,,,
MAR,1990,,2776.82250976563,6.78259401511006,39.2,0.451
MAR,1995,14.054,3152.42724609375,6.12358164775523,,0.484
MAR,2000,13.58,3930.22314453125,1.89463456763464,40.6,0.528
MAR,2005,11.01,5274.74169921875,0.982641660015951,,0.573
MAR,2010,9.09,6848.66748046875,0.993557401226392,,0.607
MAR,2015,9.46,7799.09228515625,1.5579071134626,,0.659
MAR,2020,11.189,7704.84912109375,0.705968661338261,,0.683
MAR,2024,9.103,10415.1240234375,0.985256592004507,,
MCO,1990,,,,,
MCO,1995,,,,,
MCO,2000,,,,,
MCO,2005,,,,,
MCO,2010,,,,,
MCO,2015,,,,,
MCO,2020,,,,,
MCO,2024,,,,,
MDA,1990,,6894.51372339552,,,
MDA,1995,5.3,3145.94580519356,29.8656104095719,,
MDA,2000,8.539,3044.67050577354,31.2993015817784,36.4,
MDA,2005,5.633,4865.93456430334,11.9591837222126,36.3,0.702
MDA,2010,2.972,6323.06287905206,7.48385086350851,32.1,0.739
MDA,2015,1.781,9197.61838204272,9.67624033101867,27.0,0.759
MDA,2020,1.206,13527.4413130967,3.76597122245351,25.0,0.77
MDA,2024,1.427,18614.9880691203,4.67773516007052,,
MDG,1990,,1165.82092420717,11.7844838321357,,
MDG,1995,6.092,1110.65249225111,49.0802100590784,,
MDG,2000,5.8,1235.78733941908,11.859684500028,,0.443
MDG,2005,2.62,1342.51929937145,18.3638246468932,39.9,0.47
MDG,2010,4.28,1463.87646786391,9.24732173644116,42.4,0.493
MDG,2015,1.785,1496.61172412841,7.40419174202129,,0.501
MDG,2020,3.292,1490.32312837866,4.20179312190557,,0.483
MDG,2024,3.051,1883.5374311384,,,
MDV,1990,,4527.59399067184,3.64991197717477,,
MDV,1995,0.79,6223.48278539183,5.48886133171504,,
MDV,2000,1.97,8526.28986369241,-1.17475681175946,,0.639
MDV,2005,7.313,9704.44334454041,1.30027500930997,,0.657
MDV,2010,10.875,12797.3279262916,6.14988536750173,,0.689
MDV,2015,6.611,17875.0989419262,0.953206658777607,,0.725
MDV,2020,5.42,13425.3674459601,-1.36977425569811,,0.73
MDV,2024,4.278,26182.7831570917,1.39979779674928,,
MEX,1990,,8577.86239058382,26.6516725646771,,0.668
MEX,1995,7.095,8932.73040130287,34.9992712889592,,0.68
MEX,2000,2.646,11704.6853532773,9.49156149435403,53.4,0.712
MEX,2005,3.558,13260.2388186669,3.98805714597437,50.9,0.736
MEX,2010,5.303,15909.1464963628,4.15672722680174,47.7,0.751
MEX,2015,4.311,19071.4444196466,2.72064064964023,,0.773
MEX,2020,4.44,19354.1248706244,3.39683415570006,44.6,0.763
MEX,2024,2.678,26185.3564713253,4.72225588452932,,
MHL,1990,,2102.34522649022,,,
MHL,1995,,2857.74831698981,,,
MHL,2000,,2489.96943780806,,,
MHL,2005,,3016.70324372574,,,
MHL,2010,,3473.40469896159,,,
MHL,2015,,4125.1616927563,,,0.691
MHL,2020,,6136.97119702131,,,0.722
MHL,2024,,8194.63854758403,,,
MKD,1990,,5347.74787111093,,,0.644
MKD,1995,35.6,4911.96975621984,16.3735889723568,,0.653
MKD,2000,32.2,6153.89675266027,6.60742291038536,34.3,0.686
MKD,2005,37.32,7972.29770978201,0.525515950714282,39.3,0.717
MKD,2010,33.135,11992.1816944788,1.50997522027621,40.1,0.765
MKD,2015,26.395,15034.1677602787,-0.299920475631552,35.6,0.795
MKD,2020,16.575,19962.1482468276,1.20007348888487,,0.783
MKD,2024,12.265,26995.4292563497,3.48974086026947,,
MLI,1990,,955.941595858803,0.606339703737523,,0.24
MLI,1995,1.464,1154.28545566091,13.4417696811974,,0.273
MLI,2000,1.412,1356.51736440853,-0.677661659046769,,0.32
MLI,2005,1.367,1770.67795435907,6.39788293897883,,0.368
MLI,2010,1.375,2011.67894612475,1.10892690670186,,0.41
MLI,2015,1.404,2330.24293947692,1.45069057605961,,0.413
MLI,2020,3.528,2723.70094784441,0.438088940320669,,0.414
MLI,2024,2.924,3314.77332231959,3.2063986409966,,
MLT,1990,,10085.5199708431,2.9834058606356,,0.735
MLT,1995,6.33,13949.5169851409,4.42664550286654,,0.763
MLT,2000,6.324,18214.4790221275,2.36959287531806,,0.79
MLT,2005,6.923,22227.3785442795,3.00796652450313,,0.84
MLT,2010,6.861,28909.1940252237,1.51563513618532,29.0,0.867
MLT,2015,5.389,38368.7020383117,1.10054826378929,29.4,0.892
MLT,2020,4.856,49971.8784010216,0.638544956776712,31.4,0.903
MLT,2024,3.1,69863.7461313457,1.65079469283109,,
MMR,1990,,441.103287551543,17.6267750314504,,0.347
MMR,1995,0.754,617.896101429996,25.1947123972847,,0.385
MMR,2000,0.712,948.748285178047,-0.109165514668565,,0.415
MMR,2005,0.672,1860.45413157633,9.36861814196704,,0.463
MMR,2010,0.725,3348.12889497049,7.71838195873614,,0.515
MMR,2015,0.766,4458.69054442659,9.45417189526018,38.1,0.566
MMR,2020,1.476,5740.99045843992,,,0.609
MMR,2024,2.887,5997.46516323715,,,
MNE,1990,,,,,
MNE,1995,30.196,,,,
MNE,2000,30.447,6003.8529990953,,,
MNE,2005,30.31,8313.64054358567,,30.2,0.773
MNE,2010,19.649,13612.2915551291,0.654946570148479,28.9,0.815
MNE,2015,17.555,16091.712641843,1.54869158222486,39.0,0.839
MNE,2020,17.878,20624.7838079303,-0.255655699848551,35.4,0.841
MNE,2024,13.206,34062.7577672706,3.33675009282281,,
MNG,1990,,3479.28734517544,,,0.593
MNG,1995,5.5,3228.97369769259,0.0435161009571923,33.2,0.572
MNG,2000,5.992,3739.69666851051,11.5955387593327,,0.611
MNG,2005,7.015,5406.14341980278,12.7165674066053,,0.671
MNG,2010,6.549,7531.62557442648,10.0462065881651,33.1,0.714
MNG,2015,4.861,10458.3027240524,5.73568281938327,,0.753
MNG,2020,6.413,13693.179806943,3.7237230614026,,0.741
MNG,2024,5.158,19144.7261368498,6.20713301510303,,
MOZ,1990,,296.038508723005,,,0.246
MOZ,1995,2.758,320.59989030495,,,0.257
MOZ,2000,2.832,471.967329761791,,,0.311
MOZ,2005,3.035,721.411761943486,6.42755278070087,,0.371
MOZ,2010,3.259,1000.2411486648,12.4255421735156,,0.419
MOZ,2015,3.426,1317.88785956822,3.55075967356746,,0.457
MOZ,2020,5.019,1411.62040229911,3.48393567493204,,0.477
MOZ,2024,6.668,1705.37919520416,4.07856834812022,,
MRT,1990,,2070.29062836393,6.60022564874018,,0.396
MRT,1995,9.766,2305.75519494391,6.54379068524171,37.7,0.439
MRT,2000,10.03,2303.66639707769,3.25406745833358,39.0,0.468
MRT,2005,9.59,2809.03508145691,12.1256487185541,,0.5
MRT,2010,10.093,3177.84436561165,6.28354087427704,,0.525
MRT,2015,10.104,3977.61171275863,3.25472688117631,,0.551
MRT,2020,11.051,5740.73959690129,2.3856948845632,,0.554
MRT,2024,10.257,7368.75275290214,2.49164347481972,,
MUS,1990,,5009.879721086,13.4880887926371,,0.627
MUS,1995,9.59,6771.19101323899,6.02933188484532,,0.65
MUS,2000,9.125,9143.0073732792,4.19928825622807,,0.683
MUS,2005,9.524,11703.4765244451,4.93717004981795,,0.723
MUS,2010,7.654,15919.6622762525,2.93236301369857,,0.755
MUS,2015,7.41,20269.523509561,1.28654970760232,,0.792
MUS,2020,8.626,21621.5971225158,2.5808007718283,,0.795
MUS,2024,5.548,31839.7597535524,3.6045220384796,,
MWI,1990,,671.503430308209,11.8235380454151,,0.306
MWI,1995,4.895,825.454125717284,83.3257747543458,,0.37
MWI,2000,5.045,974.310137499677,29.5814884631684,,0.394
MWI,2005,4.935,1070.93590957736,15.4103446604296,,0.427
MWI,2010,4.78,1457.60568309596,7.41159092883827,45.5,0.475
MWI,2015,4.953,1403.08451209235,21.8673475542553,,0.504
MWI,2020,5.72,1513.45990803344,8.62551469650552,,0.512
MWI,2024,5.051,1857.61756950305,32.1796504225025,,
MYS,1990,,6886.63312520377,2.61780104712051,,0.653
MYS,1995,3.15,10720.2534691883,3.45057509584895,48.5,0.691
MYS,2000,3.0,13027.2733386657,1.53474023697699,,0.733
MYS,2005,3.53,16371.4260817974,2.97507092684449,,0.736
MYS,2010,3.32,20193.4092945433,1.62285235577035,,0.779
MYS,2015,3.1,24526.3942716012,2.10438980238359,41.1,0.8
MYS,2020,4.54,27474.7361378236,-1.1387021539305,,0.81
MYS,2024,3.846,38779.2830442253,1.834100204499,,
NAM,1990,,3875.47043210363,,,0.597
NAM,1995,21.34,4509.12972910763,,,0.595
NAM,2000,20.3,5128.61433644621,,,0.561
NAM,2005,22.108,6766.5998120605,2.28194607024307,,0.564
NAM,2010,22.12,8538.19995395948,4.8749198764395,,0.591
NAM,2015,20.791,10465.8920558516,3.39401538410559,59.1,0.63
NAM,2020,21.003,9354.13136713077,2.20938236933469,,0.647
NAM,2024,19.157,11686.6020661881,4.23903922877036,,
NER,1990,,739.108850974286,-0.775653010977504,,0.215
NER,1995,1.494,756.545588583376,10.5632886691814,,0.238
NER,2000,1.427,764.28188514316,2.90014973599108,,0.266
NER,2005,3.1,888.304262543839,7.7974978178644,44.4,0.302
NER,2010,0.718,1057.51100257385,0.804073080882659,,0.339
NER,2015,0.556,1172.19178758955,-0.576090369833189,,0.374
NER,2020,0.591,1496.83350023022,2.8981937602627,,0.404
NER,2024,0.376,2049.93305251019,9.07151997725013,,
NGA,1990,,2839.84330955838,7.36440030557696,,0.379
NGA,1995,4.152,2835.28912250855,72.8355022972638,,0.402
NGA,2000,3.953,3138.99138910401,6.93329215565161,,0.435
NGA,2005,3.727,4678.09163245173,17.8634933661605,,0.484
NGA,2010,3.744,6301.18372544791,13.7400521363694,35.7,0.502
NGA,2015,4.134,7307.83788188925,9.00943498007706,35.9,0.53
NGA,2020,5.714,7414.7749554048,13.2460234276597,,0.547
NGA,2024,3.045,9086.87550609627,33.2420966545406,,
NIC,1990,,1978.56634185883,,,0.515
NIC,1995,7.414,2187.03441961012,,,0.549
NIC,2000,7.181,2806.25937937345,7.06991352252517,,0.593
NIC,2005,5.37,3455.99273667007,9.59909986064425,48.8,0.63
NIC,2010,7.83,4042.22071276517,5.45513425887423,,0.651
NIC,2015,4.7,5448.89226010317,3.99737996694396,,0.679
NIC,2020,6.18,6274.09456741388,3.68181341625572,,0.676
NIC,2024,4.98,8708.79983051626,4.62473841057141,,
NLD,1990,,19202.9869557536,2.45409184818341,31.1,0.855
NLD,1995,7.157,23480.2458181734,1.92322003453525,,0.886
NLD,2000,2.725,31894.6590915933,2.36052233801948,,0.9
NLD,2005,5.872,37778.4864360065,1.68813017869623,29.0,0.907
NLD,2010,4.991,45301.269581608,1.27530569556683,27.8,0.925
NLD,2015,6.872,50956.6930942185,0.600248147278776,28.2,0.94
NLD,2020,3.82,62596.6302027524,1.27246037789161,26.0,0.945
NLD,2024,3.7,86173.6290841738,3.34754304219953,,
NOR,1990,,18460.8142549402,4.1310334831135,,0.856
NOR,1995,6.307,24360.372829443,2.46036778693724,26.0,0.887
NOR,2000,3.458,36994.405804639,3.08550609131276,27.4,0.924
NOR,2005,4.381,47966.8640112608,1.53213367609254,30.6,0.939
NOR,2010,3.527,58213.1333665855,2.41890639481001,25.7,0.947
NOR,2015,4.296,60737.8868132779,2.17113665389527,27.5,0.959
NOR,2020,4.424,67110.6045705502,1.28658490708005,28.4,0.969
NOR,2024,4.0,102037.526800237,3.14530134431073,,
NPL,1990,,829.554109110962,8.23970037453206,,0.404
NPL,1995,10.473,1058.20747644508,7.62296950698163,35.2,0.438
NPL,2000,10.531,1316.82940913774,2.47882020709136,,0.471
NPL,2005,10.59,1627.83915596503,6.83633265892877,,0.5
NPL,2010,10.563,2139.22749384013,9.32650410745395,32.8,0.551
NPL,2015,10.643,2957.30559145504,7.86890895590891,,0.575
NPL,2020,13.037,4235.57462326905,5.05635826238499,,0.599
NPL,2024,10.5,5736.62134332704,4.6850965426577,,
NRU,1990,,16215.1640239499,,,
NRU,1995,,8726.05055383464,,,
NRU,2000,,5838.38474480524,,,
NRU,2005,,5336.45554924709,,,0.589
NRU,2010,,5620.40413037023,,,0.616
NRU,2015,,9955.33548663175,,,0.66
NRU,2020,,10810.9461002401,,,0.684
NRU,2024,,14173.0081043154,,,
NZL,1990,,14812.1421730541,6.09844414810204,,0.811
NZL,1995,6.461,17863.8893982023,3.75494413677554,,0.858
NZL,2000,6.13,21500.1531078077,2.6152344624632,,0.896
NZL,2005,3.807,25677.4190803252,3.03702332617012,,0.917
NZL,2010,6.557,31305.3299504124,2.30202385958572,,0.926
NZL,2015,5.415,37513.2963872442,0.292704628136101,,0.934
NZL,2020,4.595,45513.3123768343,1.71456170007245,,0.94
NZL,2024,4.724,55551.143658637,2.92279782301957,,
OMN,1990,,26904.0022109974,,,
OMN,1995,4.167,33598.3331467029,,,
OMN,2000,4.433,39443.2607398257,,,0.707
OMN,2005,4.589,43672.5203183067,1.90983553531865,,0.756
OMN,2010,3.911,55667.4687778644,3.25657959078624,,0.804
OMN,2015,3.403,36058.1666084788,0.0652901330286599,,0.838
OMN,2020,2.94,35163.3281781415,-0.40640291946585,,0.843
OMN,2024,3.203,41740.1658530012,0.593589236248469,,
PAK,1990,,1895.26266967807,9.05213155279776,33.2,0.396
PAK,1995,0.611,2314.90798546521,12.3435785170513,,0.415
PAK,2000,0.614,2565.19958815141,4.36666451291681,,0.436
PAK,2005,0.583,3292.60223269538,9.06332737030417,31.3,0.48
PAK,2010,0.653,3785.70113530595,12.9388705634889,28.8,0.5
PAK,2015,3.566,4480.26313460985,2.52932817254229,31.3,0.527
PAK,2020,5.994,5048.0213062963,9.73999313898155,,0.536
PAK,2024,5.492,6252.11543199559,12.6325318530452,,
PAN,1990,,4650.67095359123,0.769485354956023,,0.672
PAN,1995,6.512,6181.71544862477,0.994206982933841,57.6,0.69
PAN,2000,6.188,8097.29578007965,1.49896111605777,56.6,0.718
PAN,2005,5.967,10511.0220241591,2.85588324760959,53.8,0.746
PAN,2010,5.845,15572.5786985323,3.491288726188,51.6,0.775
PAN,2015,4.335,27245.2788402631,0.137492058461504,50.8,0.803
PAN,2020,14.663,27017.0033790906,-1.5502754080376,,0.808
PAN,2024,8.451,41369.422541499,0.693225551004538,49.7,
PER,1990,,3366.65696139394,7481.66361124526,,0.625
PER,1995,4.708,4434.67245180979,11.1287029707089,,0.654
PER,2000,4.959,5011.94540719164,3.75733833344474,49.1,0.682
PER,2005,4.87,6559.54330021754,1.61630193862544,50.4,0.691
PER,2010,3.6,9713.35863309362,1.52832059732901,45.5,0.731
PER,2015,3.272,11600.3873992867,3.39809194746308,43.4,0.768
PER,2020,7.179,12563.3038060893,2.00241205759292,43.7,0.769
PER,2024,5.199,17802.4182498972,2.00770739412712,40.1,
PHL,1990,,2607.96574501631,12.1773522064946,,0.593
PHL,1995,3.68,2925.96101443511,6.83199610989534,,0.609
PHL,2000,3.77,3365.55833537799,3.9771250324928,47.7,0.632
PHL,2005,3.795,4289.05223691996,6.51685393258433,,0.656
PHL,2010,3.605,5489.23543457601,3.78983634797591,,0.669
PHL,2015,3.068,6894.26702217935,0.674192536845408,44.6,0.69
PHL,2020,2.522,8238.36802037457,2.3931623931624,,0.699
PHL,2024,2.202,11794.1375488492,3.21260487006347,,
PLW,1990,,9609.14740460213,,,
PLW,1995,,9862.87312401236,,,
PLW,2000,,10196.9054222148,,,0.736
PLW,2005,,12960.1678150853,3.9514623522091,,0.761
PLW,2010,,13443.3986844956,1.44219017355169,,0.779
PLW,2015,,17853.5103927061,0.949040643697081,,0.802
PLW,2020,,17389.7246153166,0.218181818181833,,0.799
PLW,2024,,,2.23172772921704,,
PNG,1990,,1703.23570839678,6.9533615990307,,0.403
PNG,1995,2.603,2435.65041198929,17.280932681459,,0.442
PNG,2000,2.92,2195.95783293206,15.5958933107535,,0.456
PNG,2005,2.385,2321.90916249433,1.78080439925826,,0.473
PNG,2010,2.002,2911.8920318969,6.01360893567856,,0.503
PNG,2015,2.507,3669.73871592695,5.99595778127107,,0.543
PNG,2020,2.903,3899.57719236851,4.87167398565555,,0.567
PNG,2024,2.625,4874.6899553589,0.602403921107917,,
POL,1990,,6185.10006944695,567.878800666191,,0.722
POL,1995,13.695,7714.57972313137,27.951388563304,34.6,0.754
POL,2000,14.928,10721.2034293332,9.90017538843064,33.0,0.801
POL,2005,17.592,13935.5573148214,2.18379872390258,35.8,0.826
POL,2010,9.578,20990.9122325468,2.58069370250543,33.2,0.852
POL,2015,7.475,26988.1069013509,-0.87412587412577,31.8,0.879
POL,2020,3.155,37089.3004256812,3.37446972618589,28.5,0.88
POL,2024,2.807,51262.5105756884,3.7842600751287,,
PRI,1990,,13409.9369281487,,,
PRI,1995,13.93,17723.9828261536,,,
PRI,2000,10.08,22938.0302267173,,,
PRI,2005,11.35,29350.3060557285,,,
PRI,2010,16.1,30908.7986630853,,,
PRI,2015,12.0,32323.5456459985,,,
PRI,2020,8.89,36858.6085217908,,,
PRI,2024,5.639,50247.8492461676,,,
PRK,1990,,,,,
PRK,1995,3.114,,,,
PRK,2000,3.653,,,,
PRK,2005,3.576,,,,
PRK,2010,3.419,,,,
PRK,2015,3.523,,,,
PRK,2020,3.624,,,,
PRK,2024,3.539,,,,
PRT,1990,,11779.7566017591,13.6305705693074,,0.707
PRT,1995,7.064,14406.3254746951,4.22281614099486,,0.773
PRT,2000,3.806,18883.1145969452,2.85303039287157,,0.797
PRT,2005,7.582,22725.2774946084,2.27716394887834,38.5,0.81
PRT,2010,10.771,27292.0819531528,1.40257289895369,35.8,0.836
PRT,2015,12.405,29608.0071513956,0.48793862390472,35.5,0.857
PRT,2020,6.85,35966.712796561,-0.0124383299575305,34.7,0.87
PRT,2024,6.5,51679.8883807527,2.41613187791884,,
PRY,1990,,5636.78807012911,37.2599561799201,40.8,0.607
PRY,1995,3.4,6966.44773316211,13.4254143646407,58.1,0.637
PRY,2000,7.61,6937.1767197553,8.98215976750022,,0.664
PRY,2005,4.825,8006.7097816731,6.80738203116377,51.4,0.683
PRY,2010,4.569,10893.3149199478,4.65116279069765,51.0,0.709
PRY,2015,4.556,12679.0574753234,3.12900274473925,47.6,0.737
PRY,2020,7.548,14308.8787738305,1.76751592356698,43.5,0.742
PRY,2024,5.686,18523.6810153,3.83540271728533,44.2,
PSE,1990,,,,,
PSE,1995,10.714,2301.80107461461,,,
PSE,2000,10.625,2782.51388482361,2.79819892435758,,
PSE,2005,20.016,3371.90248033402,4.10725070715931,34.7,0.663
PSE,2010,21.416,4120.86066344952,3.74915727597096,35.3,0.691
PSE,2015,23.005,5769.98236633203,1.43161145810476,,0.712
PSE,2020,25.895,5956.28620064819,-0.735332001092191,,0.718
PSE,2024,,4371.11135857265,53.6691458303782,,
QAT,1990,,55658.8836192928,3.0009680542111,,0.767
QAT,1995,0.87,60321.111625211,2.9565217391303,,0.788
QAT,2000,0.87,88848.7013764883,1.65033522434232,,0.795
QAT,2005,0.87,115250.402334132,8.81439532334683,,0.815
QAT,2010,0.45,151646.145163851,-2.42525675161714,,0.834
QAT,2015,0.17,102545.863291279,1.8140772393776,,0.86
QAT,2020,0.14,82149.4569875883,-2.5403150300476,,0.872
QAT,2024,0.13,126046.354855612,1.26734310292375,,
ROU,1990,,5280.24356977722,,,0.719
ROU,1995,8.01,5429.01253037942,32.2424847257597,31.2,0.701
ROU,2000,6.969,5850.08487880703,45.6665940440238,29.3,0.73
ROU,2005,7.174,9602.1244037474,9.01491283343835,29.8,0.765
ROU,2010,6.959,17354.6748476713,6.09141668601891,35.5,0.822
ROU,2015,6.812,21624.5618152909,-0.594156437495203,35.9,0.823
ROU,2020,5.035,34193.8374521868,2.63107311184743,34.6,0.832
ROU,2024,5.4,49076.5399383138,5.72140574354439,,
RUS,1990,,8027.7890625,,,0.762
RUS,1995,9.449,5613.28076171875,197.414268084251,,0.713
RUS,2000,10.581,6825.3916015625,20.7987606558704,37.1,0.75
RUS,2005,7.124,11822.3466796875,12.6853039507349,41.3,0.78
RUS,2010,7.407,20490.126953125,6.84939230255025,39.5,0.808
RUS,2015,5.615,23994.013671875,15.5343959935701,36.5,0.833
RUS,2020,5.62,31490.8046875,3.38219796948068,33.7,0.818
RUS,2024,2.43,47404.96484375,8.43486410496723,,
RWA,1990,,548.816313263473,4.18576372649948,,
RWA,1995,11.938,513.763197950097,,,0.294
RWA,2000,11.699,609.265855545553,3.89952980284712,48.5,0.34
RWA,2005,11.842,914.227366408104,9.01408918092339,52.0,0.433
RWA,2010,11.637,1314.13559494324,-0.246128693436934,47.2,0.504
RWA,2015,11.831,1780.74171636863,2.52850284192421,,0.525
RWA,2020,11.829,2284.89889795328,9.85039902274207,,0.555
RWA,2024,11.331,3710.86040434596,1.77029240198635,,
SAU,1990,,46214.2180684602,2.0771513353116,,0.67
SAU,1995,6.365,48052.4091110742,4.86843103056028,,0.705
SAU,2000,4.57,48643.6072177646,-1.1249983851764,,0.737
SAU,2005,6.051,53548.1964925537,0.47923167163102,,0.782
SAU,2010,5.55,58828.726534911,5.33941733020903,,0.801
SAU,2015,5.6,53930.8273872622,1.22269318552337,,0.851
SAU,2020,7.66,47518.4877485153,3.37234961012303,,0.875
SAU,2024,3.518,71375.3727890285,1.68792112375809,,
SDN,1990,,1467.99328613281,65.1580979966203,,
SDN,1995,15.627,1902.43005371094,68.3751929485422,,
SDN,2000,15.595,2616.46459960938,7.12125897172291,,
SDN,2005,15.545,3407.35180664063,8.50585075933117,,
SDN,2010,15.168,3805.62744140625,12.9776663898014,,0.479
SDN,2015,14.39,4217.01025390625,16.9095706050977,,0.498
SDN,2020,11.995,3348.57836914063,163.257782355458,,0.513
SDN,2024,,2115.81616210938,,,
SEN,1990,,1513.07729101075,0.325098630183258,,0.377
SEN,1995,2.846,1656.26724973061,7.8640078457011,,0.384
SEN,2000,2.638,1963.27509878739,0.731981981981597,,0.398
SEN,2005,2.679,2350.20037042455,1.71133325855502,39.2,0.43
SEN,2010,2.795,2662.50486626479,1.22868119673344,,0.477
SEN,2015,6.757,2994.28032714875,0.135211933635165,,0.509
SEN,2020,3.432,3752.91947490817,2.54314685681662,,0.522
SEN,2024,2.788,5070.6486207418,0.804503298792438,,
SGP,1990,,23815.1597264713,3.46075338652824,,0.819
SGP,1995,3.3,35090.0687488309,1.72053384788524,,0.854
SGP,2000,3.7,43781.2691496809,1.36162392448456,,0.882
SGP,2005,5.59,58821.6934650901,0.425106276569107,,0.911
SGP,2010,4.12,75400.5557984177,2.82884527612958,,0.932
SGP,2015,3.79,87156.187383315,-0.521975611895763,,0.935
SGP,2020,4.1,101518.31798444,-0.172111865925382,,0.944
SGP,2024,2.737,150689.301625826,2.38951123595017,,
SLB,1990,,1266.27744003373,8.73759261848181,,
SLB,1995,1.841,1820.49794059371,9.62921970116226,,
SLB,2000,2.446,1502.88776967226,7.88956186986721,,0.547
SLB,2005,1.879,1693.19193514828,7.33066341633299,46.1,0.553
SLB,2010,1.617,2182.21603858837,1.05148163321038,,0.564
SLB,2015,0.736,2353.78235283681,-0.57446928635949,,0.576
SLB,2020,0.868,2405.31509364704,2.96354992076065,,0.579
SLB,2024,1.444,2674.89311339831,4.32183948388033,,
SLE,1990,,1382.02162141179,,,0.313
SLE,1995,4.317,1187.47720187909,,,0.314
SLE,2000,4.137,1242.07432044948,,,0.318
SLE,2005,3.734,1614.50361925174,,,0.37
SLE,2010,4.34,1900.38515206703,7.18566275668163,,0.41
SLE,2015,4.483,2560.04985807593,6.68943562498681,,0.432
SLE,2020,3.509,2719.07286815807,13.4468711101052,,0.454
SLE,2024,3.103,3522.30588009119,28.6337500014115,,
SLV,1990,,2856.33834692324,23.9991651130861,,0.523
SLV,1995,7.65,3807.72603770835,10.0296564501018,49.8,0.567
SLV,2000,6.96,4422.44510574248,2.27128756828723,51.5,0.607
SLV,2005,7.22,5291.66962299243,4.69094870903769,48.5,0.642
SLV,2010,4.893,6247.91452716829,1.17933576873673,43.5,0.66
SLV,2015,3.998,7933.73697858999,-0.731384487387957,40.6,0.667
SLV,2020,5.008,9392.68913817943,-0.371590212324095,,0.66
SLV,2024,3.261,13264.027090968,0.853782292567288,,
SMR,1990,,,,,
SMR,1995,,,,,
SMR,2000,,53713.4483344714,,,0.881
SMR,2005,,63738.5738721939,1.68548890528347,,0.893
SMR,2010,,58926.1403701298,2.58541815582587,,0.905
SMR,2015,,52247.2078276415,0.145686073241066,,0.896
SMR,2020,,55206.5812324405,-0.133368898372915,,0.895
SMR,2024,,,1.24216507945569,,
SOM,1990,,,,,
SOM,1995,19.585,389.431736680549,,,
SOM,2000,18.678,467.060922117041,,,
SOM,2005,18.671,619.158298420655,,,
SOM,2010,18.741,815.131435994874,,,
SOM,2015,18.495,1341.38999678728,,,
SOM,2020,19.414,1454.26711848855,,,
SOM,2024,18.949,1601.96466602339,,,
SRB,1990,,,,,
SRB,1995,13.4,5022.16286332482,82.6605151864663,,0.686
SRB,2000,12.6,6415.70511863535,71.1206287946541,,0.701
SRB,2005,20.85,9397.60313235976,16.1199806482826,36.5,0.743
SRB,2010,19.204,13320.0282376797,6.14255360247248,29.0,0.775
SRB,2015,17.66,15546.298142138,1.39235822000187,40.5,0.802
SRB,2020,9.011,21013.0512590365,1.57553290083415,35.0,0.809
SRB,2024,7.24,32832.1763221005,4.6705297488997,,
SSD,1990,,,,,
SSD,1995,12.334,,,,
SSD,2000,12.309,,,,
SSD,2005,12.266,,,,
SSD,2010,12.473,2948.0500149385,1.16962180301108,,0.42
SSD,2015,12.464,1154.88686304107,52.7663304192143,,0.317
SSD,2020,14.246,,29.6758435538572,,0.398
SSD,2024,,,91.4408220769046,,
STP,1990,,1504.39524002616,,,
STP,1995,14.342,1662.67844056238,,,
STP,2000,14.4,1830.36629942706,12.2089456308977,32.1,
STP,2005,16.47,2329.01423017277,17.1522049354354,,0.535
STP,2010,14.628,2858.56899092769,13.34005235378,30.8,0.564
STP,2015,10.591,3171.50905832741,5.24587835022454,,0.608
STP,2020,9.679,5144.53560286014,9.81932791540146,,0.628
STP,2024,9.057,6241.85614464638,14.3519273571008,,
SUR,1990,,6492.70049565011,21.7399443397526,,
SUR,1995,8.39,6999.53387531282,235.558815073605,,
SUR,2000,12.873,7535.45294158294,59.401686545079,,
SUR,2005,9.302,10013.9196135296,9.89800489561465,,0.685
SUR,2010,7.15,13039.4491198099,6.94108221639996,,0.707
SUR,2015,7.22,16543.5743051372,6.89390359168238,,0.718
SUR,2020,8.973,16946.8942361914,34.889784309078,,0.714
SUR,2024,7.621,21800.5265989822,16.2296159130279,,
SVK,1990,,8638.40798828537,,,0.698
SVK,1995,13.109,8811.8255351151,9.84109579837748,,0.729
SVK,2000,18.546,11369.9916167703,12.0357805974299,,0.774
SVK,2005,16.276,16570.2574196157,2.70908494588384,29.3,0.815
SVK,2010,14.387,25381.7112298749,0.957018132975143,27.3,0.851
SVK,2015,11.492,30147.9903672541,-0.325219777427673,26.5,0.861
SVK,2020,6.719,35327.9439165588,1.93694126694223,24.2,0.867
SVK,2024,5.3,48132.356430543,2.75760909424272,,
SVN,1990,,13491.1485293483,552.083528914325,,0.734
SVN,1995,7.15,13637.1913018308,13.4637296178669,,0.768
SVN,2000,6.918,17891.5856596003,8.91174418658769,,0.829
SVN,2005,6.506,23682.3710849153,2.45150132316475,24.6,0.876
SVN,2010,7.236,27579.428605763,1.80117022137134,24.9,0.896
SVN,2015,8.962,31336.2043858881,-0.525552285820877,25.4,0.909
SVN,2020,4.971,41767.2579899957,-0.05485681576061,24.0,0.918
SVN,2024,3.7,57186.3713538174,1.96562656432512,,
SWE,1990,,20357.4416922786,10.3665533879493,,0.818
SWE,1995,8.897,23084.0881881111,2.45514857818395,25.2,0.869
SWE,2000,5.466,29636.237888475,0.899143734041633,27.0,0.912
SWE,2005,7.81,34198.3864576781,0.453170852576182,26.8,0.911
SWE,2010,8.61,41951.4533673936,1.15798802715628,27.7,0.918
SWE,2015,7.432,48772.0696057277,-0.0467847449832812,29.2,0.945
SWE,2020,8.291,57489.2657196219,0.497367318853572,28.9,0.951
SWE,2024,8.4,71844.9129880579,2.83581658224034,,
SWZ,1990,,3201.78939095423,13.0922899124981,,0.57
SWZ,1995,21.65,3777.21336176036,12.2885912601426,,0.54
SWZ,2000,24.547,4400.66419449933,12.2085358545844,53.1,0.493
SWZ,2005,27.221,5772.68986514959,4.77400404553712,,0.472
SWZ,2010,26.856,7324.46393085837,4.50923691774369,,0.534
SWZ,2015,23.431,8391.07006084602,4.95124493704919,,0.607
SWZ,2020,32.978,9329.30453360939,,,0.657
SWZ,2024,34.643,11799.2028793201,,,
SYC,1990,,8954.94515086132,3.88888888888912,,
SYC,1995,,10808.8100201682,-0.243902439024459,,
SYC,2000,,14637.9590709133,6.26876876876878,,
SYC,2005,,15846.0514029555,0.907187718073944,,
SYC,2010,,18981.6586503443,-2.40463875108227,,0.758
SYC,2015,,25435.2289894362,4.04194410725617,,0.819
SYC,2020,,31055.9442055039,1.20266463987123,,0.853
SYC,2024,,33238.5800343754,0.311726050919668,,
SYR,1990,,,19.3968672229543,,0.572
SYR,1995,7.2,,7.97995780590686,,0.587
SYR,2000,9.587,,-3.84615384615379,,0.594
SYR,2005,8.81,,7.24034939348535,,0.646
SYR,2010,8.61,,4.3974138315007,,0.669
SYR,2015,14.244,,38.4611429599733,,0.549
SYR,2020,15.179,3737.65751831376,,,0.57
SYR,2024,13.359,,,,
TCD,1990,,966.594360653703,-0.738282265310918,,
TCD,1995,0.755,1014.37923890833,9.23032599768656,,
TCD,2000,0.796,1043.54539995059,3.82260088086306,,0.303
TCD,2005,0.663,2101.69135982144,7.89036567462993,,0.339
TCD,2010,0.911,2319.68883187561,-2.07786574641866,,0.375
TCD,2015,1.032,2377.51137185751,4.37712665065654,,0.396
TCD,2020,1.695,2185.99034173537,4.46414437232861,,0.408
TCD,2024,1.053,2742.65952183613,8.89950732263754,,
TGO,1990,,1110.16918289987,1.01534150530809,,0.412
TGO,1995,3.99,1140.39964749633,16.4335034524163,,0.425
TGO,2000,4.162,1314.73739642693,1.86260595463067,,0.448
TGO,2005,4.149,1367.51066289847,6.78292893028314,,0.46
TGO,2010,2.379,1537.05369658593,1.44594517430864,,0.483
TGO,2015,2.204,1879.66835517243,2.58500390801595,43.0,0.523
TGO,2020,2.231,2384.06645451827,1.69928463299399,,0.554
TGO,2024,1.948,3365.45809007306,2.86262074089801,,
THA,1990,,4450.52121164215,5.86399474375828,45.3,0.584
THA,1995,1.1,6900.73895701844,5.81818181818192,,0.628
THA,2000,2.389,7289.10499432356,1.59196917460972,42.8,0.657
THA,2005,1.35,10169.0453611636,4.54036919634535,,0.707
THA,2010,0.622,12932.2633444457,3.24758842443723,39.4,0.742
THA,2015,0.597,15791.1714762207,-0.900424963291569,36.0,0.788
THA,2020,1.099,19163.7415152349,-0.845937147357041,35.0,0.798
THA,2024,0.781,24712.0658575135,1.36580540798037,,
TJK,1990,,2582.74111119792,,,
TJK,1995,3.45,1005.61413217031,,,0.547
TJK,2000,4.15,1036.12988868059,,,0.554
TJK,2005,3.45,1672.73374996313,7.09193244083773,,0.611
TJK,2010,7.037,2291.07823631732,6.44531440780658,,0.639
TJK,2015,7.033,2975.47097476092,5.7145594964971,34.0,0.658
TJK,2020,7.576,3653.95976759112,,,0.664
TJK,2024,7.041,5405.98011619139,,36.1,
TKM,1990,,5320.5370235096,,,
TKM,1995,8.3,3404.84898017059,,,
TKM,2000,11.73,4208.66515457033,,,
TKM,2005,7.495,5489.34542179295,,,0.653
TKM,2010,4.0,8971.61628736812,,,0.7
TKM,2015,4.016,12714.8137240363,,,0.725
TKM,2020,4.489,15090.9394971778,,,0.744
TKM,2024,4.02,21213.0862501953,,,
TLS,1990,,685.279397562367,,,
TLS,1995,3.348,1043.40799716729,,,
TLS,2000,3.529,1483.17006741499,,,0.507
TLS,2005,3.611,1434.82207202052,1.11167400387198,,0.564
TLS,2010,3.301,1955.32940794731,6.76597680236481,,0.645
TLS,2015,3.678,3107.57184587966,0.552796026277853,,0.628
TLS,2020,2.808,6132.08299806495,0.495499215459571,,0.65
TLS,2024,1.523,4422.77882172399,2.06284153005468,,
TON,1990,,2415.75673319334,9.70986384562655,,0.641
TON,1995,1.987,3346.79952151991,1.46000630350975,,0.675
TON,2000,3.966,3833.92767581697,6.32763551411155,37.7,0.688
TON,2005,2.542,4314.54719822881,8.66569221131751,,0.706
TON,2010,1.501,4465.46050009263,3.53491239189833,,0.724
TON,2015,2.022,5471.79679402302,-1.05399831971283,33.5,0.743
TON,2020,2.712,6675.6030498711,-0.349737696727418,,0.765
TON,2024,1.965,,3.18364611260051,,
TTO,1990,,6877.62134826884,11.0644257703083,,0.661
TTO,1995,17.22,9099.03430064495,5.18220539517274,,0.677
TTO,2000,12.1,13953.1361523366,3.55541319666877,,0.714
TTO,2005,7.95,23536.0268722394,6.87453459583516,,0.756
TTO,2010,4.033,30778.3127370297,10.5492003179988,,0.789
TTO,2015,2.428,29825.4628753017,4.66121598098264,,0.808
TTO,2020,4.206,26731.3556410029,0.598986330824643,,0.8
TTO,2024,3.318,36328.5130065685,0.526884625776839,,
TUN,1990,,3779.68467395707,6.54529307282414,40.1,0.569
TUN,1995,16.348,4686.17039756849,6.24415028747146,41.7,0.606
TUN,2000,14.94,6278.98680881057,2.96230794738605,40.8,0.654
TUN,2005,12.872,8116.9548993789,2.01778641357144,37.7,0.69
TUN,2010,13.049,10555.0887033221,3.33897963601069,38.5,0.717
TUN,2015,15.159,10782.5438382441,4.437371273215,32.8,0.728
TUN,2020,17.651,11918.066205483,5.63415115897625,,0.733
TUN,2024,15.341,14521.0080937638,7.20661657168794,,
TUR,1990,,8207.98833508191,60.3038691346446,,0.598
TUR,1995,7.644,9962.11145158939,89.11331722485,,0.623
TUR,2000,6.495,9325.80817565573,54.9153705812683,,0.669
TUR,2005,10.636,11803.3604424476,8.17916036802002,42.6,0.701
TUR,2010,11.879,17466.2641738935,8.56644420552976,38.8,0.75
TUR,2015,10.304,25890.0548901058,7.67085364845877,42.9,0.821
TUR,2020,13.148,29209.3308866883,12.2789574462574,43.0,0.838
TUR,2024,8.8,45639.0192735944,58.5064507300343,,
TUV,1990,,1675.79503770339,,,0.566
TUV,1995,,2083.05739166287,,,0.587
TUV,2000,,2597.25208316056,,,0.61
TUV,2005,,2727.66493096898,,,0.621
TUV,2010,,2945.12892457303,,39.1,0.636
TUV,2015,,3775.7556591637,,,0.658
TUV,2020,,5122.19827984698,,,0.681
TUV,2024,,,,,
TWN,1990,,,,,
TWN,1995,,,,,
TWN,2000,,,,,
TWN,2005,,,,,
TWN,2010,,,,,
TWN,2015,,,,,
TWN,2020,,,,,
TWN,2024,,,,,
TZA,1990,,925.357360839844,35.8267716535433,,0.381
TZA,1995,3.672,981.404174804688,27.4277854195323,,0.38
TZA,2000,3.129,1163.64367675781,5.92396109637479,37.3,0.414
TZA,2005,3.193,1598.03747558594,5.03457009267163,,0.465
TZA,2010,3.03,2069.40185546875,6.20015595647403,,0.513
TZA,2015,2.009,2317.27978515625,5.58816952959298,,0.52
TZA,2020,1.792,3290.60986328125,3.29029062798325,,0.554
TZA,2024,1.557,4220.79638671875,3.05694676312373,,
UGA,1990,,665.877554591671,,,0.342
UGA,1995,3.193,896.672380939996,6.55014018970371,,0.356
UGA,2000,3.531,1124.20958232447,3.39202158512998,,0.407
UGA,2005,1.9,1496.50947836066,8.44872642299532,42.9,0.47
UGA,2010,3.623,2091.55963145331,3.97655288478168,,0.514
UGA,2015,2.681,2189.96485919003,5.58968606251725,,0.547
UGA,2020,3.819,2532.21950102069,3.31332289544502,,0.571
UGA,2024,2.74,3273.2671741364,3.3233806708656,,
UKR,1990,,7590.544921875,,,0.75
UKR,1995,5.62,4124.29541015625,376.746174768209,39.2,0.702
UKR,2000,11.707,4228.1162109375,28.2030972388552,,0.716
UKR,2005,7.18,7142.10693359375,13.5695764909248,29.0,0.757
UKR,2010,8.1,8453.2998046875,9.37293105078978,24.8,0.782
UKR,2015,9.14,9921.833984375,48.6998646434424,25.5,0.778
UKR,2020,9.475,15541.02734375,2.73249209419427,25.6,0.783
UKR,2024,,18550.462890625,6.50198464669254,,
URY,1990,,6683.05781079032,112.525905573023,,0.713
URY,1995,10.02,8905.61798676268,42.2483197983755,40.9,0.729
URY,2000,12.627,10929.3002607587,4.76382472733251,43.4,0.764
URY,2005,12.009,12295.700311589,4.6992773903564,44.7,0.778
URY,2010,7.158,17872.5369682924,6.69870886978132,44.5,0.796
URY,2015,7.488,22168.6114189676,8.66626987079328,40.1,0.818
URY,2020,10.413,25725.258216942,9.75640636078194,40.2,0.837
URY,2024,8.209,36417.874162496,4.84914366613156,40.0,
USA,1990,,23888.6000088133,5.39795643990325,38.3,0.878
USA,1995,5.65,28690.8757013347,2.80541968853662,39.9,0.888
USA,2000,3.992,36329.9702595751,3.37685727149929,40.1,0.895
USA,2005,5.084,44123.3996470026,3.3927468454955,41.3,0.907
USA,2010,9.633,48642.6312088213,1.6400434423899,40.2,0.919
USA,2015,5.28,56849.4697923159,0.118627135552451,41.5,0.928
USA,2020,8.055,64401.5074354209,1.23358439630629,40.0,0.925
USA,2024,4.022,85809.9003846359,2.94952520485207,,
UZB,1990,,2664.66487565785,,,
UZB,1995,7.8,2178.32748301497,,,
UZB,2000,12.301,2644.26354163536,,35.9,0.603
UZB,2005,7.092,3617.85486831461,,,0.638
UZB,2010,5.36,5504.8563793137,,,0.681
UZB,2015,5.15,6799.57332842183,8.75188196737508,,0.707
UZB,2020,5.293,8451.72505108114,12.8677297362606,,0.723
UZB,2024,4.439,11878.5528706848,9.62825465956682,34.6,
VCT,1990,,3960.37679290999,7.60609957743892,,
VCT,1995,20.005,5277.44386688237,1.73837289880567,,
VCT,2000,20.8,6502.90023634218,0.167679637488279,,0.7
VCT,2005,19.461,8985.69686082526,3.7334291646702,,0.724
VCT,2010,19.924,10561.308030596,0.747109026311474,,0.746
VCT,2015,19.135,12378.842727428,-1.73361194953959,,0.765
VCT,2020,20.635,15336.5987771764,-0.628131309354654,,0.781
VCT,2024,18.093,21272.0800673662,3.62770736940927,,
VEN,1990,,11627.9442509151,,,0.658
VEN,1995,10.24,13889.8709841398,,47.2,0.687
VEN,2000,13.99,14174.4400214785,,,0.703
VEN,2005,10.663,16511.2592917269,,49.3,0.728
VEN,2010,7.112,20235.7105360063,28.1874647092039,,0.764
VEN,2015,6.139,,121.738085297503,,0.768
VEN,2020,7.53,,,,0.699
VEN,2024,5.321,,,,
VNM,1990,,1209.68644469775,,,0.499
VNM,1995,1.955,1841.35026852777,,,0.556
VNM,2000,2.26,2614.11840366563,-1.71033727851109,,0.604
VNM,2005,2.078,3893.66509422594,8.28457243128677,,0.647
VNM,2010,1.114,5389.21956993674,9.20746648778413,39.3,0.686
VNM,2015,1.848,7671.5819778084,0.631200905175754,,0.717
VNM,2020,2.103,11609.3177276423,3.22093436652514,36.8,0.755
VNM,2024,1.602,16385.5065565458,3.62109273885843,,
VUT,1990,,1669.60951641276,4.7594412829797,,
VUT,1995,8.134,1960.63408671095,2.22970130416487,,
VUT,2000,8.266,2206.10240356774,2.53768844221106,,
VUT,2005,8.121,2287.00660433246,1.19920053297801,,0.561
VUT,2010,4.681,2733.45922588718,2.76269469477348,37.4,0.582
VUT,2015,5.168,2965.84143257378,2.48326875660439,,0.599
VUT,2020,4.046,3117.64425292038,5.32935073101715,,0.617
VUT,2024,4.988,3605.60736691735,,,
WSM,1990,,2148.2835223622,15.2384632724695,,
WSM,1995,3.244,2477.7372979723,-2.90352865746142,,0.655
WSM,2000,4.733,3061.84986676721,0.966782350024729,,0.676
WSM,2005,5.212,4378.5944315772,1.85676392572949,,0.694
WSM,2010,5.621,5229.04191199124,0.777007268777692,,0.708
WSM,2015,8.901,5681.77812768843,0.724470134874729,,0.708
WSM,2020,7.467,6450.75201183405,-1.56891247740895,,0.708
WSM,2024,4.855,8736.81606772538,2.17245530514377,,
YEM,1990,,1742.4937136509,,,0.359
YEM,1995,8.988,2201.15021978522,55.0811068702292,,0.393
YEM,2000,11.557,2623.64018991703,4.58999999999981,,0.439
YEM,2005,12.213,3113.44691089689,11.8112639374949,34.7,0.481
YEM,2010,12.777,3603.03505664196,11.1748338605044,,0.502
YEM,2015,17.9,,,,0.475
YEM,2020,17.963,,,,0.459
YEM,2024,16.97,,,,
ZAF,1990,,6381.67336411338,14.3209918914915,,0.633
ZAF,1995,22.705,6875.18838645266,8.68042421392631,,0.654
ZAF,2000,22.788,8095.29428867929,5.33895913599828,57.8,0.618
ZAF,2005,22.472,10440.6275147132,2.06285308223427,64.8,0.616
ZAF,2010,24.683,12637.2912226018,4.06749555950263,63.4,0.669
ZAF,2015,25.149,13397.5234813346,4.51869094892506,,0.722
ZAF,2020,29.217,12671.0862436851,3.23238831615113,,0.724
ZAF,2024,32.279,15456.1989933658,4.36115246518962,,
ZMB,1990,,1521.62416937243,107.023809523808,,0.422
ZMB,1995,16.834,1501.39106250692,34.9295874166667,,0.413
ZMB,2000,12.93,1708.51552615927,26.0304117888121,,0.429
ZMB,2005,15.9,2212.81202553596,18.324439701174,,0.48
ZMB,2010,13.19,3097.66400499243,8.50176133365265,52.0,0.533
ZMB,2015,5.951,3337.47306887696,10.1105928909618,55.8,0.565
ZMB,2020,6.032,3157.30009311643,15.7330604721369,,0.578
ZMB,2024,5.898,4214.89277804799,14.9856262747939,,
ZWE,1990,,2756.77305553483,,,0.5
ZWE,1995,5.566,3051.16830439046,,,0.477
ZWE,2000,5.685,3429.12057152309,,,0.458
ZWE,2005,4.632,2495.92081736268,,,0.455
ZWE,2010,5.469,2661.36483256213,3.02267002518892,,0.512
ZWE,2015,5.399,4045.89864738798,-2.43096842383404,,0.567
ZWE,2020,8.617,4178.58557943828,557.201817362051,,0.582
ZWE,2024,9.435,5928.0806252756,,,
