cod_pobla,iso3_pobla,a√±o_pobla,poblacion
4,AFG,1990.0,12045000.0
4,AFG,1995.0,17065000.0
4,AFG,2000.0,20130000.0
4,AFG,2005.0,24404000.0
4,AFG,2010.0,28284000.0
4,AFG,2015.0,33831000.0
4,AFG,2020.0,39068000.0
4,AFG,2024.0,42647000.0
24,AGO,1990.0,11626000.0
24,AGO,1995.0,13699000.0
24,AGO,2000.0,16194000.0
24,AGO,2005.0,19291000.0
24,AGO,2010.0,23294000.0
24,AGO,2015.0,28157000.0
24,AGO,2020.0,33451000.0
24,AGO,2024.0,37885000.0
8,ALB,1990.0,3277000.0
8,ALB,1995.0,3258000.0
8,ALB,2000.0,3166000.0
8,ALB,2005.0,3076000.0
8,ALB,2010.0,2928000.0
8,ALB,2015.0,2898000.0
8,ALB,2020.0,2871000.0
8,ALB,2024.0,2791000.0
20,AND,1990.0,52000.0
20,AND,1995.0,63000.0
20,AND,2000.0,65000.0
20,AND,2005.0,77000.0
20,AND,2010.0,80000.0
20,AND,2015.0,72000.0
20,AND,2020.0,77000.0
20,AND,2024.0,81000.0
784,ARE,1990.0,1898000.0
784,ARE,1995.0,2434000.0
784,ARE,2000.0,3493000.0
784,ARE,2005.0,4664000.0
784,ARE,2010.0,6938000.0
784,ARE,2015.0,8674000.0
784,ARE,2020.0,9448000.0
784,ARE,2024.0,11027000.0
32,ARG,1990.0,32755000.0
32,ARG,1995.0,35070000.0
32,ARG,2000.0,37213000.0
32,ARG,2005.0,39216000.0
32,ARG,2010.0,41288000.0
32,ARG,2015.0,43477000.0
32,ARG,2020.0,45191000.0
32,ARG,2024.0,45696000.0
51,ARM,1990.0,3552000.0
51,ARM,1995.0,3307000.0
51,ARM,2000.0,3125000.0
51,ARM,2005.0,3006000.0
51,ARM,2010.0,2931000.0
51,ARM,2015.0,2921000.0
51,ARM,2020.0,2890000.0
51,ARM,2024.0,2973000.0
28,ATG,1990.0,63000.0
28,ATG,1995.0,68000.0
28,ATG,2000.0,74000.0
28,ATG,2005.0,79000.0
28,ATG,2010.0,85000.0
28,ATG,2015.0,89000.0
28,ATG,2020.0,91000.0
28,ATG,2024.0,93000.0
36,AUS,1990.0,17126000.0
36,AUS,1995.0,18095000.0
36,AUS,2000.0,19132000.0
36,AUS,2005.0,20294000.0
36,AUS,2010.0,22141000.0
36,AUS,2015.0,23948000.0
36,AUS,2020.0,25743000.0
36,AUS,2024.0,26713000.0
40,AUT,1990.0,7679000.0
40,AUT,1995.0,7950000.0
40,AUT,2000.0,8012000.0
40,AUT,2005.0,8229000.0
40,AUT,2010.0,8365000.0
40,AUT,2015.0,8644000.0
40,AUT,2020.0,8921000.0
40,AUT,2024.0,9120000.0
31,AZE,1990.0,7231000.0
31,AZE,1995.0,7719000.0
31,AZE,2000.0,8174000.0
31,AZE,2005.0,8597000.0
31,AZE,2010.0,9146000.0
31,AZE,2015.0,9752000.0
31,AZE,2020.0,10181000.0
31,AZE,2024.0,10336000.0
108,BDI,1990.0,5587000.0
108,BDI,1995.0,6066000.0
108,BDI,2000.0,6470000.0
108,BDI,2005.0,7587000.0
108,BDI,2010.0,9376000.0
108,BDI,2015.0,11047000.0
108,BDI,2020.0,12617000.0
108,BDI,2024.0,14047000.0
56,BEL,1990.0,9960000.0
56,BEL,1995.0,10137000.0
56,BEL,2000.0,10251000.0
56,BEL,2005.0,10478000.0
56,BEL,2010.0,10936000.0
56,BEL,2015.0,11275000.0
56,BEL,2020.0,11540000.0
56,BEL,2024.0,11738000.0
204,BEN,1990.0,5281000.0
204,BEN,1995.0,6226000.0
204,BEN,2000.0,7221000.0
204,BEN,2005.0,8426000.0
204,BEN,2010.0,9797000.0
204,BEN,2015.0,11360000.0
204,BEN,2020.0,13070000.0
204,BEN,2024.0,14462000.0
854,BFA,1990.0,9159000.0
854,BFA,1995.0,10386000.0
854,BFA,2000.0,11925000.0
854,BFA,2005.0,13932000.0
854,BFA,2010.0,16176000.0
854,BFA,2015.0,18777000.0
854,BFA,2020.0,21478000.0
854,BFA,2024.0,23548000.0
50,BGD,1990.0,111633000.0
50,BGD,1995.0,122600000.0
50,BGD,2000.0,134544000.0
50,BGD,2005.0,144715000.0
50,BGD,2010.0,152201000.0
50,BGD,2015.0,159383000.0
50,BGD,2020.0,166298000.0
50,BGD,2024.0,173562000.0
100,BGR,1990.0,8822000.0
100,BGR,1995.0,8357000.0
100,BGR,2000.0,8000000.0
100,BGR,2005.0,7695000.0
100,BGR,2010.0,7437000.0
100,BGR,2015.0,7177000.0
100,BGR,2020.0,6933000.0
100,BGR,2024.0,6757000.0
48,BHR,1990.0,514000.0
48,BHR,1995.0,593000.0
48,BHR,2000.0,669000.0
48,BHR,2005.0,932000.0
48,BHR,2010.0,1213000.0
48,BHR,2015.0,1369000.0
48,BHR,2020.0,1483000.0
48,BHR,2024.0,1607000.0
44,BHS,1990.0,275000.0
44,BHS,1995.0,301000.0
44,BHS,2000.0,323000.0
44,BHS,2005.0,343000.0
44,BHS,2010.0,367000.0
44,BHS,2015.0,385000.0
44,BHS,2020.0,395000.0
44,BHS,2024.0,401000.0
70,BIH,1990.0,4448000.0
70,BIH,1995.0,3715000.0
70,BIH,2000.0,4159000.0
70,BIH,2005.0,4096000.0
70,BIH,2010.0,3811000.0
70,BIH,2015.0,3518000.0
70,BIH,2020.0,3299000.0
70,BIH,2024.0,3164000.0
112,BLR,1990.0,10186000.0
112,BLR,1995.0,10197000.0
112,BLR,2000.0,9991000.0
112,BLR,2005.0,9667000.0
112,BLR,2010.0,9490000.0
112,BLR,2015.0,9487000.0
112,BLR,2020.0,9350000.0
112,BLR,2024.0,9056000.0
84,BLZ,1990.0,183000.0
84,BLZ,1995.0,204000.0
84,BLZ,2000.0,240000.0
84,BLZ,2005.0,279000.0
84,BLZ,2010.0,320000.0
84,BLZ,2015.0,356000.0
84,BLZ,2020.0,390000.0
84,BLZ,2024.0,417000.0
68,BOL,1990.0,7130000.0
68,BOL,1995.0,7874000.0
68,BOL,2000.0,8606000.0
68,BOL,2005.0,9360000.0
68,BOL,2010.0,10182000.0
68,BOL,2015.0,11014000.0
68,BOL,2020.0,11816000.0
68,BOL,2024.0,12413000.0
76,BRA,1990.0,149143000.0
76,BRA,1995.0,161735000.0
76,BRA,2000.0,174018000.0
76,BRA,2005.0,184688000.0
76,BRA,2010.0,193701000.0
76,BRA,2015.0,201675000.0
76,BRA,2020.0,208660000.0
76,BRA,2024.0,211998000.0
52,BRB,1990.0,258000.0
52,BRB,1995.0,262000.0
52,BRB,2000.0,262000.0
52,BRB,2005.0,268000.0
52,BRB,2010.0,275000.0
52,BRB,2015.0,278000.0
52,BRB,2020.0,281000.0
52,BRB,2024.0,282000.0
96,BRN,1990.0,255000.0
96,BRN,1995.0,291000.0
96,BRN,2000.0,326000.0
96,BRN,2005.0,358000.0
96,BRN,2010.0,392000.0
96,BRN,2015.0,422000.0
96,BRN,2020.0,447000.0
96,BRN,2024.0,462000.0
64,BTN,1990.0,589000.0
64,BTN,1995.0,547000.0
64,BTN,2000.0,596000.0
64,BTN,2005.0,661000.0
64,BTN,2010.0,701000.0
64,BTN,2015.0,740000.0
64,BTN,2020.0,770000.0
64,BTN,2024.0,791000.0
72,BWA,1990.0,1305000.0
72,BWA,1995.0,1498000.0
72,BWA,2000.0,1677000.0
72,BWA,2005.0,1839000.0
72,BWA,2010.0,2033000.0
72,BWA,2015.0,2203000.0
72,BWA,2020.0,2365000.0
72,BWA,2024.0,2521000.0
140,CAF,1990.0,2871000.0
140,CAF,1995.0,3348000.0
140,CAF,2000.0,3833000.0
140,CAF,2005.0,4288000.0
140,CAF,2010.0,4492000.0
140,CAF,2015.0,4629000.0
140,CAF,2020.0,5026000.0
140,CAF,2024.0,5330000.0
124,CAN,1990.0,27789000.0
124,CAN,1995.0,29459000.0
124,CAN,2000.0,30891000.0
124,CAN,2005.0,32440000.0
124,CAN,2010.0,34196000.0
124,CAN,2015.0,35962000.0
124,CAN,2020.0,38171000.0
124,CAN,2024.0,39742000.0
756,CHE,1990.0,6713000.0
756,CHE,1995.0,7040000.0
756,CHE,2000.0,7184000.0
756,CHE,2005.0,7431000.0
756,CHE,2010.0,7825000.0
756,CHE,2015.0,8283000.0
756,CHE,2020.0,8640000.0
756,CHE,2024.0,8921000.0
152,CHL,1990.0,13437000.0
152,CHL,1995.0,14527000.0
152,CHL,2000.0,15503000.0
152,CHL,2005.0,16348000.0
152,CHL,2010.0,17181000.0
152,CHL,2015.0,18047000.0
152,CHL,2020.0,19370000.0
152,CHL,2024.0,19764000.0
156,CHN,1990.0,1153582000.0
156,CHN,1995.0,1220133000.0
156,CHN,2000.0,1269581000.0
156,CHN,2005.0,1310027000.0
156,CHN,2010.0,1351561000.0
156,CHN,2015.0,1396134000.0
156,CHN,2020.0,1426106000.0
156,CHN,2024.0,1419321000.0
384,CIV,1990.0,12189000.0
384,CIV,1995.0,14855000.0
384,CIV,2000.0,17699000.0
384,CIV,2005.0,20068000.0
384,CIV,2010.0,22488000.0
384,CIV,2015.0,25246000.0
384,CIV,2020.0,28915000.0
384,CIV,2024.0,31934000.0
120,CMR,1990.0,11331000.0
120,CMR,1995.0,13058000.0
120,CMR,2000.0,14912000.0
120,CMR,2005.0,17074000.0
120,CMR,2010.0,19668000.0
120,CMR,2015.0,22763000.0
120,CMR,2020.0,26210000.0
120,CMR,2024.0,29123000.0
180,COD,1990.0,36684000.0
180,COD,1995.0,44433000.0
180,COD,2000.0,50507000.0
180,COD,2005.0,58775000.0
180,COD,2010.0,68563000.0
180,COD,2015.0,81035000.0
180,COD,2020.0,95989000.0
180,COD,2024.0,109276000.0
178,COG,1990.0,2380000.0
178,COG,1995.0,2749000.0
178,COG,2000.0,3151000.0
178,COG,2005.0,3696000.0
178,COG,2010.0,4462000.0
178,COG,2015.0,5097000.0
178,COG,2020.0,5752000.0
178,COG,2024.0,6332000.0
170,COL,1990.0,32440000.0
170,COL,1995.0,35804000.0
170,COL,2000.0,39089000.0
170,COL,2005.0,42128000.0
170,COL,2010.0,44777000.0
170,COL,2015.0,46969000.0
170,COL,2020.0,50629000.0
170,COL,2024.0,52886000.0
174,COM,1990.0,444000.0
174,COM,1995.0,490000.0
174,COM,2000.0,536000.0
174,COM,2005.0,592000.0
174,COM,2010.0,654000.0
174,COM,2015.0,726000.0
174,COM,2020.0,802000.0
174,COM,2024.0,866000.0
132,CPV,1990.0,375000.0
132,CPV,1995.0,418000.0
132,CPV,2000.0,453000.0
132,CPV,2005.0,485000.0
132,CPV,2010.0,509000.0
132,CPV,2015.0,512000.0
132,CPV,2020.0,514000.0
132,CPV,2024.0,524000.0
188,CRI,1990.0,3121000.0
188,CRI,1995.0,3535000.0
188,CRI,2000.0,3937000.0
188,CRI,2005.0,4261000.0
188,CRI,2010.0,4555000.0
188,CRI,2015.0,4818000.0
188,CRI,2020.0,5034000.0
188,CRI,2024.0,5129000.0
192,CUB,1990.0,10631000.0
192,CUB,1995.0,10925000.0
192,CUB,2000.0,11109000.0
192,CUB,2005.0,11262000.0
192,CUB,2010.0,11297000.0
192,CUB,2015.0,11275000.0
192,CUB,2020.0,11176000.0
192,CUB,2024.0,10979000.0
196,CYP,1990.0,788000.0
196,CYP,1995.0,862000.0
196,CYP,2000.0,947000.0
196,CYP,2005.0,1036000.0
196,CYP,2010.0,1127000.0
196,CYP,2015.0,1219000.0
196,CYP,2020.0,1302000.0
196,CYP,2024.0,1358000.0
203,CZE,1990.0,10301000.0
203,CZE,1995.0,10312000.0
203,CZE,2000.0,10236000.0
203,CZE,2005.0,10280000.0
203,CZE,2010.0,10464000.0
203,CZE,2015.0,10524000.0
203,CZE,2020.0,10550000.0
203,CZE,2024.0,10735000.0
276,DEU,1990.0,79707000.0
276,DEU,1995.0,82019000.0
276,DEU,2000.0,81797000.0
276,DEU,2005.0,82046000.0
276,DEU,2010.0,80830000.0
276,DEU,2015.0,82077000.0
276,DEU,2020.0,83628000.0
276,DEU,2024.0,84552000.0
262,DJI,1990.0,579000.0
262,DJI,1995.0,633000.0
262,DJI,2000.0,747000.0
262,DJI,2005.0,839000.0
262,DJI,2010.0,930000.0
262,DJI,2015.0,1020000.0
262,DJI,2020.0,1105000.0
262,DJI,2024.0,1168000.0
212,DMA,1990.0,69000.0
212,DMA,1995.0,69000.0
212,DMA,2000.0,68000.0
212,DMA,2005.0,68000.0
212,DMA,2010.0,68000.0
212,DMA,2015.0,70000.0
212,DMA,2020.0,67000.0
212,DMA,2024.0,66000.0
208,DNK,1990.0,5141000.0
208,DNK,1995.0,5233000.0
208,DNK,2000.0,5339000.0
208,DNK,2005.0,5419000.0
208,DNK,2010.0,5547000.0
208,DNK,2015.0,5683000.0
208,DNK,2020.0,5831000.0
208,DNK,2024.0,5977000.0
214,DOM,1990.0,7151000.0
214,DOM,1995.0,7888000.0
214,DOM,2000.0,8584000.0
214,DOM,2005.0,9225000.0
214,DOM,2010.0,9820000.0
214,DOM,2015.0,10434000.0
214,DOM,2020.0,11008000.0
214,DOM,2024.0,11427000.0
12,DZA,1990.0,25375000.0
12,DZA,1995.0,28470000.0
12,DZA,2000.0,30903000.0
12,DZA,2005.0,33109000.0
12,DZA,2010.0,36188000.0
12,DZA,2015.0,40019000.0
12,DZA,2020.0,44042000.0
12,DZA,2024.0,46814000.0
218,ECU,1990.0,10473000.0
218,ECU,1995.0,11590000.0
218,ECU,2000.0,12689000.0
218,ECU,2005.0,13846000.0
218,ECU,2010.0,15076000.0
218,ECU,2015.0,16266000.0
218,ECU,2020.0,17546000.0
218,ECU,2024.0,18135000.0
818,EGY,1990.0,58396000.0
818,EGY,1995.0,65652000.0
818,EGY,2000.0,73083000.0
818,EGY,2005.0,81101000.0
818,EGY,2010.0,89196000.0
818,EGY,2015.0,99597000.0
818,EGY,2020.0,109315000.0
818,EGY,2024.0,116538000.0
232,ERI,1990.0,2032000.0
232,ERI,1995.0,2025000.0
232,ERI,2000.0,2247000.0
232,ERI,2005.0,2661000.0
232,ERI,2010.0,2945000.0
232,ERI,2015.0,3105000.0
232,ERI,2020.0,3291000.0
232,ERI,2024.0,3535000.0
732,ESH,1990.0,179000.0
732,ESH,1995.0,209000.0
732,ESH,2000.0,271000.0
732,ESH,2005.0,338000.0
732,ESH,2010.0,409000.0
732,ESH,2015.0,486000.0
732,ESH,2020.0,549000.0
732,ESH,2024.0,590000.0
724,ESP,1990.0,39084000.0
724,ESP,1995.0,40052000.0
724,ESP,2000.0,41019000.0
724,ESP,2005.0,43958000.0
724,ESP,2010.0,46840000.0
724,ESP,2015.0,46683000.0
724,ESP,2020.0,47679000.0
724,ESP,2024.0,47910000.0
233,EST,1990.0,1570000.0
233,EST,1995.0,1452000.0
233,EST,2000.0,1396000.0
233,EST,2005.0,1354000.0
233,EST,2010.0,1331000.0
233,EST,2015.0,1314000.0
233,EST,2020.0,1329000.0
233,EST,2024.0,1360000.0
231,ETH,1990.0,47609000.0
231,ETH,1995.0,57537000.0
231,ETH,2000.0,67411000.0
231,ETH,2005.0,78367000.0
231,ETH,2010.0,90538000.0
231,ETH,2015.0,103867000.0
231,ETH,2020.0,118917000.0
231,ETH,2024.0,132059000.0
246,FIN,1990.0,4986000.0
246,FIN,1995.0,5107000.0
246,FIN,2000.0,5176000.0
246,FIN,2005.0,5246000.0
246,FIN,2010.0,5363000.0
246,FIN,2015.0,5479000.0
246,FIN,2020.0,5529000.0
246,FIN,2024.0,5617000.0
242,FJI,1990.0,773000.0
242,FJI,1995.0,798000.0
242,FJI,2000.0,840000.0
242,FJI,2005.0,882000.0
242,FJI,2010.0,910000.0
242,FJI,2015.0,918000.0
242,FJI,2020.0,914000.0
242,FJI,2024.0,928000.0
238,FLK,1990.0,2000.0
238,FLK,1995.0,2000.0
238,FLK,2000.0,3000.0
238,FLK,2005.0,3000.0
238,FLK,2010.0,3000.0
238,FLK,2015.0,3000.0
238,FLK,2020.0,3000.0
238,FLK,2024.0,3000.0
250,FRA,1990.0,56990000.0
250,FRA,1995.0,58192000.0
250,FRA,2000.0,59483000.0
250,FRA,2005.0,61625000.0
250,FRA,2010.0,63417000.0
250,FRA,2015.0,64916000.0
250,FRA,2020.0,65905000.0
250,FRA,2024.0,66548000.0
583,FSM,1990.0,100000.0
583,FSM,1995.0,110000.0
583,FSM,2000.0,112000.0
583,FSM,2005.0,111000.0
583,FSM,2010.0,107000.0
583,FSM,2015.0,108000.0
583,FSM,2020.0,110000.0
583,FSM,2024.0,113000.0
266,GAB,1990.0,983000.0
266,GAB,1995.0,1123000.0
266,GAB,2000.0,1275000.0
266,GAB,2005.0,1463000.0
266,GAB,2010.0,1719000.0
266,GAB,2015.0,2040000.0
266,GAB,2020.0,2322000.0
266,GAB,2024.0,2538000.0
826,GBR,1990.0,57367000.0
826,GBR,1995.0,58154000.0
826,GBR,2000.0,59057000.0
826,GBR,2005.0,60596000.0
826,GBR,2010.0,63006000.0
826,GBR,2015.0,65382000.0
826,GBR,2020.0,67351000.0
826,GBR,2024.0,69138000.0
268,GEO,1990.0,5448000.0
268,GEO,1995.0,4925000.0
268,GEO,2000.0,4328000.0
268,GEO,2005.0,4026000.0
268,GEO,2010.0,3895000.0
268,GEO,2015.0,3791000.0
268,GEO,2020.0,3795000.0
268,GEO,2024.0,3807000.0
288,GHA,1990.0,15394000.0
288,GHA,1995.0,17399000.0
288,GHA,2000.0,19637000.0
288,GHA,2005.0,22449000.0
288,GHA,2010.0,25474000.0
288,GHA,2015.0,28696000.0
288,GHA,2020.0,31887000.0
288,GHA,2024.0,34427000.0
324,GIN,1990.0,6434000.0
324,GIN,1995.0,7553000.0
324,GIN,2000.0,8428000.0
324,GIN,2005.0,9245000.0
324,GIN,2010.0,10396000.0
324,GIN,2015.0,11767000.0
324,GIN,2020.0,13371000.0
324,GIN,2024.0,14754000.0
270,GMB,1990.0,1054000.0
270,GMB,1995.0,1264000.0
270,GMB,2000.0,1455000.0
270,GMB,2005.0,1667000.0
270,GMB,2010.0,1926000.0
270,GMB,2015.0,2224000.0
270,GMB,2020.0,2515000.0
270,GMB,2024.0,2759000.0
624,GNB,1990.0,973000.0
624,GNB,1995.0,1119000.0
624,GNB,2000.0,1234000.0
624,GNB,2005.0,1381000.0
624,GNB,2010.0,1566000.0
624,GNB,2015.0,1786000.0
624,GNB,2020.0,2013000.0
624,GNB,2024.0,2201000.0
226,GNQ,1990.0,474000.0
226,GNQ,1995.0,571000.0
226,GNQ,2000.0,703000.0
226,GNQ,2005.0,947000.0
226,GNQ,2010.0,1189000.0
226,GNQ,2015.0,1453000.0
226,GNQ,2020.0,1716000.0
226,GNQ,2024.0,1892000.0
300,GRC,1990.0,10258000.0
300,GRC,1995.0,10519000.0
300,GRC,2000.0,10782000.0
300,GRC,2005.0,10981000.0
300,GRC,2010.0,11124000.0
300,GRC,2015.0,10820000.0
300,GRC,2020.0,10699000.0
300,GRC,2024.0,10047000.0
308,GRD,1990.0,99000.0
308,GRD,1995.0,103000.0
308,GRD,2000.0,107000.0
308,GRD,2005.0,109000.0
308,GRD,2010.0,111000.0
308,GRD,2015.0,114000.0
308,GRD,2020.0,116000.0
308,GRD,2024.0,117000.0
320,GTM,1990.0,9024000.0
320,GTM,1995.0,10312000.0
320,GTM,2000.0,11697000.0
320,GTM,2005.0,13087000.0
320,GTM,2010.0,14500000.0
320,GTM,2015.0,15971000.0
320,GTM,2020.0,17357000.0
320,GTM,2024.0,18406000.0
254,GUF,1990.0,112000.0
254,GUF,1995.0,134000.0
254,GUF,2000.0,160000.0
254,GUF,2005.0,202000.0
254,GUF,2010.0,234000.0
254,GUF,2015.0,266000.0
254,GUF,2020.0,289000.0
254,GUF,2024.0,308000.0
328,GUY,1990.0,749000.0
328,GUY,1995.0,758000.0
328,GUY,2000.0,764000.0
328,GUY,2005.0,760000.0
328,GUY,2010.0,749000.0
328,GUY,2015.0,758000.0
328,GUY,2020.0,807000.0
328,GUY,2024.0,831000.0
344,HKG,1990.0,5560000.0
344,HKG,1995.0,6177000.0
344,HKG,2000.0,6704000.0
344,HKG,2005.0,6908000.0
344,HKG,2010.0,7101000.0
344,HKG,2015.0,7366000.0
344,HKG,2020.0,7490000.0
344,HKG,2024.0,7414000.0
340,HND,1990.0,4980000.0
340,HND,1995.0,5739000.0
340,HND,2000.0,6577000.0
340,HND,2005.0,7478000.0
340,HND,2010.0,8365000.0
340,HND,2015.0,9237000.0
340,HND,2020.0,10119000.0
340,HND,2024.0,10825000.0
191,HRV,1990.0,4835000.0
191,HRV,1995.0,4619000.0
191,HRV,2000.0,4326000.0
191,HRV,2005.0,4313000.0
191,HRV,2010.0,4301000.0
191,HRV,2015.0,4183000.0
191,HRV,2020.0,3953000.0
191,HRV,2024.0,3875000.0
332,HTI,1990.0,6854000.0
332,HTI,1995.0,7562000.0
332,HTI,2000.0,8303000.0
332,HTI,2005.0,9061000.0
332,HTI,2010.0,9803000.0
332,HTI,2015.0,10523000.0
332,HTI,2020.0,11243000.0
332,HTI,2024.0,11772000.0
348,HUN,1990.0,10381000.0
348,HUN,1995.0,10322000.0
348,HUN,2000.0,10190000.0
348,HUN,2005.0,10065000.0
348,HUN,2010.0,9979000.0
348,HUN,2015.0,9839000.0
348,HUN,2020.0,9749000.0
348,HUN,2024.0,9676000.0
360,IDN,1990.0,183501000.0
360,IDN,1995.0,199888000.0
360,IDN,2000.0,216077000.0
360,IDN,2005.0,230871000.0
360,IDN,2010.0,246305000.0
360,IDN,2015.0,261799000.0
360,IDN,2020.0,274814000.0
360,IDN,2024.0,283487000.0
356,IND,1990.0,864972000.0
356,IND,1995.0,960301000.0
356,IND,2000.0,1057922000.0
356,IND,2005.0,1154676000.0
356,IND,2010.0,1243481000.0
356,IND,2015.0,1328024000.0
356,IND,2020.0,1402617000.0
356,IND,2024.0,1450935000.0
372,IRL,1990.0,3514000.0
372,IRL,1995.0,3610000.0
372,IRL,2000.0,3802000.0
372,IRL,2005.0,4155000.0
372,IRL,2010.0,4559000.0
372,IRL,2015.0,4702000.0
372,IRL,2020.0,4982000.0
372,IRL,2024.0,5255000.0
364,IRN,1990.0,58380000.0
364,IRN,1995.0,62205000.0
364,IRN,2000.0,66418000.0
364,IRN,2005.0,71828000.0
364,IRN,2010.0,77420000.0
364,IRN,2015.0,82619000.0
364,IRN,2020.0,87723000.0
364,IRN,2024.0,91567000.0
368,IRQ,1990.0,17581000.0
368,IRQ,1995.0,20825000.0
368,IRQ,2000.0,24424000.0
368,IRQ,2005.0,28407000.0
368,IRQ,2010.0,31045000.0
368,IRQ,2015.0,37560000.0
368,IRQ,2020.0,42116000.0
368,IRQ,2024.0,46042000.0
352,ISL,1990.0,254000.0
352,ISL,1995.0,267000.0
352,ISL,2000.0,281000.0
352,ISL,2005.0,296000.0
352,ISL,2010.0,318000.0
352,ISL,2015.0,330000.0
352,ISL,2020.0,366000.0
352,ISL,2024.0,393000.0
376,ISR,1990.0,4544000.0
376,ISR,1995.0,5354000.0
376,ISR,2000.0,6111000.0
376,ISR,2005.0,6728000.0
376,ISR,2010.0,7336000.0
376,ISR,2015.0,8052000.0
376,ISR,2020.0,8800000.0
376,ISR,2024.0,9387000.0
380,ITA,1990.0,57031000.0
380,ITA,1995.0,57403000.0
380,ITA,2000.0,57272000.0
380,ITA,2005.0,58519000.0
380,ITA,2010.0,60164000.0
380,ITA,2015.0,60575000.0
380,ITA,2020.0,59912000.0
380,ITA,2024.0,59342000.0
388,JAM,1990.0,2379000.0
388,JAM,1995.0,2500000.0
388,JAM,2000.0,2607000.0
388,JAM,2005.0,2687000.0
388,JAM,2010.0,2748000.0
388,JAM,2015.0,2802000.0
388,JAM,2020.0,2830000.0
388,JAM,2024.0,2839000.0
400,JOR,1990.0,3621000.0
400,JOR,1995.0,4752000.0
400,JOR,2000.0,5386000.0
400,JOR,2005.0,6029000.0
400,JOR,2010.0,7297000.0
400,JOR,2015.0,9544000.0
400,JOR,2020.0,10865000.0
400,JOR,2024.0,11552000.0
392,JPN,1990.0,123399000.0
392,JPN,1995.0,125672000.0
392,JPN,2000.0,127027000.0
392,JPN,2005.0,127913000.0
392,JPN,2010.0,128185000.0
392,JPN,2015.0,127275000.0
392,JPN,2020.0,126304000.0
392,JPN,2024.0,123753000.0
398,KAZ,1990.0,17154000.0
398,KAZ,1995.0,16730000.0
398,KAZ,2000.0,15501000.0
398,KAZ,2005.0,15968000.0
398,KAZ,2010.0,16836000.0
398,KAZ,2015.0,18084000.0
398,KAZ,2020.0,19482000.0
398,KAZ,2024.0,20592000.0
404,KEN,1990.0,22892000.0
404,KEN,1995.0,26601000.0
404,KEN,2000.0,30642000.0
404,KEN,2005.0,35796000.0
404,KEN,2010.0,41598000.0
404,KEN,2015.0,47088000.0
404,KEN,2020.0,52217000.0
404,KEN,2024.0,56432000.0
417,KGZ,1990.0,4459000.0
417,KGZ,1995.0,4713000.0
417,KGZ,2000.0,5025000.0
417,KGZ,2005.0,5246000.0
417,KGZ,2010.0,5491000.0
417,KGZ,2015.0,6001000.0
417,KGZ,2020.0,6664000.0
417,KGZ,2024.0,7186000.0
116,KHM,1990.0,7374000.0
116,KHM,1995.0,10018000.0
116,KHM,2000.0,12462000.0
116,KHM,2005.0,13439000.0
116,KHM,2010.0,14500000.0
116,KHM,2015.0,15623000.0
116,KHM,2020.0,16725000.0
116,KHM,2024.0,17638000.0
296,KIR,1990.0,74000.0
296,KIR,1995.0,81000.0
296,KIR,2000.0,88000.0
296,KIR,2005.0,98000.0
296,KIR,2010.0,108000.0
296,KIR,2015.0,116000.0
296,KIR,2020.0,126000.0
296,KIR,2024.0,134000.0
659,KNA,1990.0,40000.0
659,KNA,1995.0,42000.0
659,KNA,2000.0,45000.0
659,KNA,2005.0,46000.0
659,KNA,2010.0,46000.0
659,KNA,2015.0,47000.0
659,KNA,2020.0,46000.0
659,KNA,2024.0,46000.0
410,KOR,1990.0,44081000.0
410,KOR,1995.0,45368000.0
410,KOR,2000.0,46766000.0
410,KOR,2005.0,47851000.0
410,KOR,2010.0,48769000.0
410,KOR,2015.0,50983000.0
410,KOR,2020.0,51858000.0
410,KOR,2024.0,51717000.0
414,KWT,1990.0,1684000.0
414,KWT,1995.0,1681000.0
414,KWT,2000.0,1954000.0
414,KWT,2005.0,2236000.0
414,KWT,2010.0,2943000.0
414,KWT,2015.0,3834000.0
414,KWT,2020.0,4400000.0
414,KWT,2024.0,4934000.0
418,LAO,1990.0,4311000.0
418,LAO,1995.0,4929000.0
418,LAO,2000.0,5431000.0
418,LAO,2005.0,5869000.0
418,LAO,2010.0,6334000.0
418,LAO,2015.0,6801000.0
418,LAO,2020.0,7346000.0
418,LAO,2024.0,7769000.0
422,LBN,1990.0,3595000.0
422,LBN,1995.0,3960000.0
422,LBN,2000.0,4329000.0
422,LBN,2005.0,4671000.0
422,LBN,2010.0,5041000.0
422,LBN,2015.0,6472000.0
422,LBN,2020.0,5702000.0
422,LBN,2024.0,5805000.0
430,LBR,1990.0,2223000.0
430,LBR,1995.0,2169000.0
430,LBR,2000.0,2928000.0
430,LBR,2005.0,3301000.0
430,LBR,2010.0,4058000.0
430,LBR,2015.0,4659000.0
430,LBR,2020.0,5149000.0
430,LBR,2024.0,5612000.0
434,LBY,1990.0,4445000.0
434,LBY,1995.0,4906000.0
434,LBY,2000.0,5305000.0
434,LBY,2005.0,5858000.0
434,LBY,2010.0,6497000.0
434,LBY,2015.0,6531000.0
434,LBY,2020.0,7045000.0
434,LBY,2024.0,7381000.0
662,LCA,1990.0,137000.0
662,LCA,1995.0,148000.0
662,LCA,2000.0,158000.0
662,LCA,2005.0,165000.0
662,LCA,2010.0,170000.0
662,LCA,2015.0,174000.0
662,LCA,2020.0,178000.0
662,LCA,2024.0,179000.0
438,LIE,1990.0,28000.0
438,LIE,1995.0,31000.0
438,LIE,2000.0,33000.0
438,LIE,2005.0,34000.0
438,LIE,2010.0,35000.0
438,LIE,2015.0,37000.0
438,LIE,2020.0,38000.0
438,LIE,2024.0,39000.0
144,LKA,1990.0,16352000.0
144,LKA,1995.0,17564000.0
144,LKA,2000.0,19293000.0
144,LKA,2005.0,20216000.0
144,LKA,2010.0,20879000.0
144,LKA,2015.0,21729000.0
144,LKA,2020.0,22561000.0
144,LKA,2024.0,23103000.0
426,LSO,1990.0,1809000.0
426,LSO,1995.0,1951000.0
426,LSO,2000.0,2003000.0
426,LSO,2005.0,1953000.0
426,LSO,2010.0,1996000.0
426,LSO,2015.0,2104000.0
426,LSO,2020.0,2235000.0
426,LSO,2024.0,2337000.0
440,LTU,1990.0,3695000.0
440,LTU,1995.0,3627000.0
440,LTU,2000.0,3500000.0
440,LTU,2005.0,3322000.0
440,LTU,2010.0,3097000.0
440,LTU,2015.0,2905000.0
440,LTU,2020.0,2795000.0
440,LTU,2024.0,2859000.0
442,LUX,1990.0,381000.0
442,LUX,1995.0,408000.0
442,LUX,2000.0,436000.0
442,LUX,2005.0,465000.0
442,LUX,2010.0,507000.0
442,LUX,2015.0,569000.0
442,LUX,2020.0,630000.0
442,LUX,2024.0,673000.0
428,LVA,1990.0,2660000.0
428,LVA,1995.0,2485000.0
428,LVA,2000.0,2368000.0
428,LVA,2005.0,2239000.0
428,LVA,2010.0,2097000.0
428,LVA,2015.0,1977000.0
428,LVA,2020.0,1901000.0
428,LVA,2024.0,1871000.0
446,MAC,1990.0,351000.0
446,MAC,1995.0,398000.0
446,MAC,2000.0,437000.0
446,MAC,2005.0,495000.0
446,MAC,2010.0,562000.0
446,MAC,2015.0,622000.0
446,MAC,2020.0,683000.0
446,MAC,2024.0,720000.0
504,MAR,1990.0,24375000.0
504,MAR,1995.0,26399000.0
504,MAR,2000.0,28423000.0
504,MAR,2005.0,30358000.0
504,MAR,2010.0,32467000.0
504,MAR,2015.0,34607000.0
504,MAR,2020.0,36584000.0
504,MAR,2024.0,38081000.0
492,MCO,1990.0,30000.0
492,MCO,1995.0,31000.0
492,MCO,2000.0,32000.0
492,MCO,2005.0,32000.0
492,MCO,2010.0,33000.0
492,MCO,2015.0,36000.0
492,MCO,2020.0,38000.0
492,MCO,2024.0,38000.0
498,MDA,1990.0,4451000.0
498,MDA,1995.0,4414000.0
498,MDA,2000.0,4234000.0
498,MDA,2005.0,3988000.0
498,MDA,2010.0,3631000.0
498,MDA,2015.0,3287000.0
498,MDA,2020.0,3069000.0
498,MDA,2024.0,3034000.0
450,MDG,1990.0,12055000.0
450,MDG,1995.0,14051000.0
450,MDG,2000.0,16516000.0
450,MDG,2005.0,19159000.0
450,MDG,2010.0,22183000.0
450,MDG,2015.0,25426000.0
450,MDG,2020.0,28953000.0
450,MDG,2024.0,31964000.0
462,MDV,1990.0,224000.0
462,MDV,1995.0,256000.0
462,MDV,2000.0,282000.0
462,MDV,2005.0,306000.0
462,MDV,2010.0,360000.0
462,MDV,2015.0,428000.0
462,MDV,2020.0,502000.0
462,MDV,2024.0,527000.0
484,MEX,1990.0,82820000.0
484,MEX,1995.0,90862000.0
484,MEX,2000.0,98625000.0
484,MEX,2005.0,105811000.0
484,MEX,2010.0,113623000.0
484,MEX,2015.0,121072000.0
484,MEX,2020.0,126799000.0
484,MEX,2024.0,130861000.0
584,MHL,1990.0,44000.0
584,MHL,1995.0,48000.0
584,MHL,2000.0,50000.0
584,MHL,2005.0,51000.0
584,MHL,2010.0,52000.0
584,MHL,2015.0,48000.0
584,MHL,2020.0,42000.0
584,MHL,2024.0,37000.0
807,MKD,1990.0,2063000.0
807,MKD,1995.0,1998000.0
807,MKD,2000.0,2057000.0
807,MKD,2005.0,2089000.0
807,MKD,2010.0,2051000.0
807,MKD,2015.0,1980000.0
807,MKD,2020.0,1872000.0
807,MKD,2024.0,1823000.0
466,MLI,1990.0,9178000.0
466,MLI,1995.0,10185000.0
466,MLI,2000.0,11559000.0
466,MLI,2005.0,13538000.0
466,MLI,2010.0,15945000.0
466,MLI,2015.0,18593000.0
466,MLI,2020.0,21713000.0
466,MLI,2024.0,24478000.0
470,MLT,1990.0,367000.0
470,MLT,1995.0,384000.0
470,MLT,2000.0,399000.0
470,MLT,2005.0,413000.0
470,MLT,2010.0,422000.0
470,MLT,2015.0,444000.0
470,MLT,2020.0,518000.0
470,MLT,2024.0,539000.0
104,MMR,1990.0,39817000.0
104,MMR,1995.0,42605000.0
104,MMR,2000.0,45290000.0
104,MMR,2005.0,47438000.0
104,MMR,2010.0,49024000.0
104,MMR,2015.0,51089000.0
104,MMR,2020.0,53016000.0
104,MMR,2024.0,54500000.0
499,MNE,1990.0,620000.0
499,MNE,1995.0,631000.0
499,MNE,2000.0,634000.0
499,MNE,2005.0,634000.0
499,MNE,2010.0,632000.0
499,MNE,2015.0,628000.0
499,MNE,2020.0,607000.0
499,MNE,2024.0,638000.0
496,MNG,1990.0,2164000.0
496,MNG,1995.0,2335000.0
496,MNG,2000.0,2455000.0
496,MNG,2005.0,2563000.0
496,MNG,2010.0,2701000.0
496,MNG,2015.0,2976000.0
496,MNG,2020.0,3290000.0
496,MNG,2024.0,3475000.0
508,MOZ,1990.0,13094000.0
508,MOZ,1995.0,15960000.0
508,MOZ,2000.0,18129000.0
508,MOZ,2005.0,20304000.0
508,MOZ,2010.0,22999000.0
508,MOZ,2015.0,26547000.0
508,MOZ,2020.0,30783000.0
508,MOZ,2024.0,34631000.0
478,MRT,1990.0,1951000.0
478,MRT,1995.0,2312000.0
478,MRT,2000.0,2613000.0
478,MRT,2005.0,2939000.0
478,MRT,2010.0,3390000.0
478,MRT,2015.0,3965000.0
478,MRT,2020.0,4600000.0
478,MRT,2024.0,5169000.0
480,MUS,1990.0,1089000.0
480,MUS,1995.0,1159000.0
480,MUS,2000.0,1216000.0
480,MUS,2005.0,1257000.0
480,MUS,2010.0,1282000.0
480,MUS,2015.0,1292000.0
480,MUS,2020.0,1283000.0
480,MUS,2024.0,1271000.0
454,MWI,1990.0,9545000.0
454,MWI,1995.0,10150000.0
454,MWI,2000.0,11315000.0
454,MWI,2005.0,12840000.0
454,MWI,2010.0,14826000.0
454,MWI,2015.0,17085000.0
454,MWI,2020.0,19533000.0
454,MWI,2024.0,21655000.0
458,MYS,1990.0,17833000.0
458,MYS,1995.0,20330000.0
458,MYS,2000.0,22967000.0
458,MYS,2005.0,25836000.0
458,MYS,2010.0,28655000.0
458,MYS,2015.0,31232000.0
458,MYS,2020.0,33889000.0
458,MYS,2024.0,35557000.0
516,NAM,1990.0,1369000.0
516,NAM,1995.0,1602000.0
516,NAM,2000.0,1818000.0
516,NAM,2005.0,1966000.0
516,NAM,2010.0,2109000.0
516,NAM,2015.0,2374000.0
516,NAM,2020.0,2728000.0
516,NAM,2024.0,3030000.0
562,NER,1990.0,8286000.0
562,NER,1995.0,9714000.0
562,NER,2000.0,11509000.0
562,NER,2005.0,13756000.0
562,NER,2010.0,16548000.0
562,NER,2015.0,19939000.0
562,NER,2020.0,23717000.0
562,NER,2024.0,27032000.0
566,NGA,1990.0,97120000.0
566,NGA,1995.0,110819000.0
566,NGA,2000.0,126382000.0
566,NGA,2005.0,145017000.0
566,NGA,2010.0,166642000.0
566,NGA,2015.0,190671000.0
566,NGA,2020.0,213996000.0
566,NGA,2024.0,232679000.0
558,NIC,1990.0,4162000.0
558,NIC,1995.0,4642000.0
558,NIC,2000.0,5022000.0
558,NIC,2005.0,5342000.0
558,NIC,2010.0,5737000.0
558,NIC,2015.0,6149000.0
558,NIC,2020.0,6565000.0
558,NIC,2024.0,6916000.0
528,NLD,1990.0,15030000.0
528,NLD,1995.0,15565000.0
528,NLD,2000.0,16058000.0
528,NLD,2005.0,16465000.0
528,NLD,2010.0,16771000.0
528,NLD,2015.0,17107000.0
528,NLD,2020.0,17636000.0
528,NLD,2024.0,18228000.0
578,NOR,1990.0,4241000.0
578,NOR,1995.0,4358000.0
578,NOR,2000.0,4490000.0
578,NOR,2005.0,4623000.0
578,NOR,2010.0,4889000.0
578,NOR,2015.0,5189000.0
578,NOR,2020.0,5379000.0
578,NOR,2024.0,5576000.0
524,NPL,1990.0,19524000.0
524,NPL,1995.0,22245000.0
524,NPL,2000.0,24546000.0
524,NPL,2005.0,26309000.0
524,NPL,2010.0,27341000.0
524,NPL,2015.0,27823000.0
524,NPL,2020.0,28966000.0
524,NPL,2024.0,29651000.0
520,NRU,1990.0,9000.0
520,NRU,1995.0,10000.0
520,NRU,2000.0,10000.0
520,NRU,2005.0,10000.0
520,NRU,2010.0,10000.0
520,NRU,2015.0,10000.0
520,NRU,2020.0,11000.0
520,NRU,2024.0,11000.0
554,NZL,1990.0,3396000.0
554,NZL,1995.0,3674000.0
554,NZL,2000.0,3857000.0
554,NZL,2005.0,4135000.0
554,NZL,2010.0,4347000.0
554,NZL,2015.0,4614000.0
554,NZL,2020.0,5069000.0
554,NZL,2024.0,5213000.0
512,OMN,1990.0,1763000.0
512,OMN,1995.0,2120000.0
512,OMN,2000.0,2282000.0
512,OMN,2005.0,2459000.0
512,OMN,2010.0,2757000.0
512,OMN,2015.0,4184000.0
512,OMN,2020.0,4522000.0
512,OMN,2024.0,5281000.0
586,PAK,1990.0,116155000.0
586,PAK,1995.0,134582000.0
586,PAK,2000.0,154879000.0
586,PAK,2005.0,175453000.0
586,PAK,2010.0,199239000.0
586,PAK,2015.0,217290000.0
586,PAK,2020.0,235001000.0
586,PAK,2024.0,251269000.0
591,PAN,1990.0,2455000.0
591,PAN,1995.0,2724000.0
591,PAN,2000.0,3010000.0
591,PAN,2005.0,3313000.0
591,PAN,2010.0,3628000.0
591,PAN,2015.0,3960000.0
591,PAN,2020.0,4293000.0
591,PAN,2024.0,4515000.0
604,PER,1990.0,22014000.0
604,PER,1995.0,24348000.0
604,PER,2000.0,26598000.0
604,PER,2005.0,28101000.0
604,PER,2010.0,29086000.0
604,PER,2015.0,30457000.0
604,PER,2020.0,32838000.0
604,PER,2024.0,34217000.0
608,PHL,1990.0,62854000.0
608,PHL,1995.0,70546000.0
608,PHL,2000.0,79625000.0
608,PHL,2005.0,88015000.0
608,PHL,2010.0,96337000.0
608,PHL,2015.0,105312000.0
608,PHL,2020.0,112081000.0
608,PHL,2024.0,115843000.0
585,PLW,1990.0,15000.0
585,PLW,1995.0,17000.0
585,PLW,2000.0,19000.0
585,PLW,2005.0,19000.0
585,PLW,2010.0,18000.0
585,PLW,2015.0,17000.0
585,PLW,2020.0,17000.0
585,PLW,2024.0,17000.0
598,PNG,1990.0,3896000.0
598,PNG,1995.0,4644000.0
598,PNG,2000.0,5537000.0
598,PNG,2005.0,6535000.0
598,PNG,2010.0,7633000.0
598,PNG,2015.0,8743000.0
598,PNG,2020.0,9815000.0
598,PNG,2024.0,10576000.0
616,POL,1990.0,38055000.0
616,POL,1995.0,38364000.0
616,POL,2000.0,38258000.0
616,POL,2005.0,38124000.0
616,POL,2010.0,38095000.0
616,POL,2015.0,38266000.0
616,POL,2020.0,38171000.0
616,POL,2024.0,38539000.0
630,PRI,1990.0,3541000.0
630,PRI,1995.0,3693000.0
630,PRI,2000.0,3809000.0
630,PRI,2005.0,3788000.0
630,PRI,2010.0,3714000.0
630,PRI,2015.0,3521000.0
630,PRI,2020.0,3275000.0
630,PRI,2024.0,3242000.0
408,PRK,1990.0,21112000.0
408,PRK,1995.0,22669000.0
408,PRK,2000.0,23665000.0
408,PRK,2005.0,24396000.0
408,PRK,2010.0,24987000.0
408,PRK,2015.0,25575000.0
408,PRK,2020.0,26136000.0
408,PRK,2024.0,26498000.0
620,PRT,1990.0,9989000.0
620,PRT,1995.0,10031000.0
620,PRT,2000.0,10283000.0
620,PRT,2005.0,10502000.0
620,PRT,2010.0,10578000.0
620,PRT,2015.0,10370000.0
620,PRT,2020.0,10370000.0
620,PRT,2024.0,10425000.0
600,PRY,1990.0,4035000.0
600,PRY,1995.0,4579000.0
600,PRY,2000.0,5100000.0
600,PRY,2005.0,5448000.0
600,PRY,2010.0,5737000.0
600,PRY,2015.0,6159000.0
600,PRY,2020.0,6603000.0
600,PRY,2024.0,6929000.0
275,PSE,1990.0,2139000.0
275,PSE,1995.0,2636000.0
275,PSE,2000.0,3151000.0
275,PSE,2005.0,3557000.0
275,PSE,2010.0,4016000.0
275,PSE,2015.0,4521000.0
275,PSE,2020.0,5069000.0
275,PSE,2024.0,5495000.0
634,QAT,1990.0,440000.0
634,QAT,1995.0,514000.0
634,QAT,2000.0,644000.0
634,QAT,2005.0,825000.0
634,QAT,2010.0,1709000.0
634,QAT,2015.0,2427000.0
634,QAT,2020.0,2803000.0
634,QAT,2024.0,3048000.0
642,ROU,1990.0,22939000.0
642,ROU,1995.0,22657000.0
642,ROU,2000.0,22046000.0
642,ROU,2005.0,21213000.0
642,ROU,2010.0,20432000.0
642,ROU,2015.0,19871000.0
642,ROU,2020.0,19392000.0
642,ROU,2024.0,19015000.0
643,RUS,1990.0,148979000.0
643,RUS,1995.0,148291000.0
643,RUS,2000.0,146717000.0
643,RUS,2005.0,144597000.0
643,RUS,2010.0,143934000.0
643,RUS,2015.0,145307000.0
643,RUS,2020.0,146371000.0
643,RUS,2024.0,144820000.0
646,RWA,1990.0,7375000.0
646,RWA,1995.0,5674000.0
646,RWA,2000.0,8213000.0
646,RWA,2005.0,9054000.0
646,RWA,2010.0,10317000.0
646,RWA,2015.0,11640000.0
646,RWA,2020.0,13065000.0
646,RWA,2024.0,14256000.0
682,SAU,1990.0,10640000.0
682,SAU,1995.0,13289000.0
682,SAU,2000.0,16177000.0
682,SAU,2005.0,20559000.0
682,SAU,2010.0,25157000.0
682,SAU,2015.0,29974000.0
682,SAU,2020.0,30991000.0
682,SAU,2024.0,33962000.0
729,SDN,1990.0,22021000.0
729,SDN,1995.0,24672000.0
729,SDN,2000.0,27816000.0
729,SDN,2005.0,31262000.0
729,SDN,2010.0,35414000.0
729,SDN,2015.0,40024000.0
729,SDN,2020.0,46789000.0
729,SDN,2024.0,50448000.0
686,SEN,1990.0,7720000.0
686,SEN,1995.0,8848000.0
686,SEN,2000.0,9968000.0
686,SEN,2005.0,11235000.0
686,SEN,2010.0,12635000.0
686,SEN,2015.0,14593000.0
686,SEN,2020.0,16789000.0
686,SEN,2024.0,18501000.0
702,SGP,1990.0,3039000.0
702,SGP,1995.0,3533000.0
702,SGP,2000.0,4035000.0
702,SGP,2005.0,4268000.0
702,SGP,2010.0,5077000.0
702,SGP,2015.0,5525000.0
702,SGP,2020.0,5620000.0
702,SGP,2024.0,5832000.0
90,SLB,1990.0,331000.0
90,SLB,1995.0,384000.0
90,SLB,2000.0,440000.0
90,SLB,2005.0,483000.0
90,SLB,2010.0,532000.0
90,SLB,2015.0,639000.0
90,SLB,2020.0,744000.0
90,SLB,2024.0,819000.0
694,SLE,1990.0,4196000.0
694,SLE,1995.0,4179000.0
694,SLE,2000.0,4423000.0
694,SLE,2005.0,5501000.0
694,SLE,2010.0,6222000.0
694,SLE,2015.0,7037000.0
694,SLE,2020.0,7912000.0
694,SLE,2024.0,8642000.0
222,SLV,1990.0,5399000.0
222,SLV,1995.0,5762000.0
222,SLV,2000.0,5943000.0
222,SLV,2005.0,6005000.0
222,SLV,2010.0,6068000.0
222,SLV,2015.0,6183000.0
222,SLV,2020.0,6234000.0
222,SLV,2024.0,6338000.0
674,SMR,1990.0,23000.0
674,SMR,1995.0,25000.0
674,SMR,2000.0,26000.0
674,SMR,2005.0,28000.0
674,SMR,2010.0,30000.0
674,SMR,2015.0,33000.0
674,SMR,2020.0,34000.0
674,SMR,2024.0,33000.0
706,SOM,1990.0,7082000.0
706,SOM,1995.0,7285000.0
706,SOM,2000.0,8838000.0
706,SOM,2005.0,10644000.0
706,SOM,2010.0,12261000.0
706,SOM,2015.0,13806000.0
706,SOM,2020.0,16651000.0
706,SOM,2024.0,19009000.0
688,SRB,1990.0,7874000.0
688,SRB,1995.0,7823000.0
688,SRB,2000.0,7694000.0
688,SRB,2005.0,7539000.0
688,SRB,2010.0,7395000.0
688,SRB,2015.0,7177000.0
688,SRB,2020.0,6907000.0
688,SRB,2024.0,6736000.0
728,SSD,1990.0,4737000.0
728,SSD,1995.0,5225000.0
728,SSD,2000.0,6032000.0
728,SSD,2005.0,7590000.0
728,SSD,2010.0,9745000.0
728,SSD,2015.0,11107000.0
728,SSD,2020.0,10698000.0
728,SSD,2024.0,11943000.0
678,STP,1990.0,122000.0
678,STP,1995.0,134000.0
678,STP,2000.0,144000.0
678,STP,2005.0,161000.0
678,STP,2010.0,181000.0
678,STP,2015.0,200000.0
678,STP,2020.0,217000.0
678,STP,2024.0,235000.0
740,SUR,1990.0,412000.0
740,SUR,1995.0,429000.0
740,SUR,2000.0,476000.0
740,SUR,2005.0,519000.0
740,SUR,2010.0,549000.0
740,SUR,2015.0,581000.0
740,SUR,2020.0,612000.0
740,SUR,2024.0,634000.0
703,SVK,1990.0,5266000.0
703,SVK,1995.0,5354000.0
703,SVK,2000.0,5379000.0
703,SVK,2005.0,5376000.0
703,SVK,2010.0,5391000.0
703,SVK,2015.0,5420000.0
703,SVK,2020.0,5455000.0
703,SVK,2024.0,5506000.0
705,SVN,1990.0,1998000.0
705,SVN,1995.0,1988000.0
705,SVN,2000.0,1986000.0
705,SVN,2005.0,1996000.0
705,SVN,2010.0,2044000.0
705,SVN,2015.0,2059000.0
705,SVN,2020.0,2102000.0
705,SVN,2024.0,2118000.0
752,SWE,1990.0,8558000.0
752,SWE,1995.0,8826000.0
752,SWE,2000.0,8872000.0
752,SWE,2005.0,9029000.0
752,SWE,2010.0,9378000.0
752,SWE,2015.0,9799000.0
752,SWE,2020.0,10353000.0
752,SWE,2024.0,10606000.0
748,SWZ,1990.0,872000.0
748,SWZ,1995.0,970000.0
748,SWZ,2000.0,1041000.0
748,SWZ,2005.0,1079000.0
748,SWZ,2010.0,1111000.0
748,SWZ,2015.0,1142000.0
748,SWZ,2020.0,1192000.0
748,SWZ,2024.0,1242000.0
690,SYC,1990.0,73000.0
690,SYC,1995.0,78000.0
690,SYC,2000.0,83000.0
690,SYC,2005.0,89000.0
690,SYC,2010.0,94000.0
690,SYC,2015.0,107000.0
690,SYC,2020.0,120000.0
690,SYC,2024.0,130000.0
760,SYR,1990.0,12579000.0
760,SYR,1995.0,14616000.0
760,SYR,2000.0,16637000.0
760,SYR,2005.0,18814000.0
760,SYR,2010.0,22482000.0
760,SYR,2015.0,19424000.0
760,SYR,2020.0,21049000.0
760,SYR,2024.0,24672000.0
148,TCD,1990.0,5982000.0
148,TCD,1995.0,7089000.0
148,TCD,2000.0,8512000.0
148,TCD,2005.0,10328000.0
148,TCD,2010.0,12312000.0
148,TCD,2015.0,14647000.0
148,TCD,2020.0,17224000.0
148,TCD,2024.0,20299000.0
768,TGO,1990.0,3998000.0
768,TGO,1995.0,4410000.0
768,TGO,2000.0,5140000.0
768,TGO,2005.0,5844000.0
768,TGO,2010.0,6732000.0
768,TGO,2015.0,7663000.0
768,TGO,2020.0,8669000.0
768,TGO,2024.0,9515000.0
764,THA,1990.0,54738000.0
764,THA,1995.0,59098000.0
764,THA,2000.0,63007000.0
764,THA,2005.0,66017000.0
764,THA,2010.0,68579000.0
764,THA,2015.0,70540000.0
764,THA,2020.0,71641000.0
764,THA,2024.0,71668000.0
762,TJK,1990.0,5398000.0
762,TJK,1995.0,5948000.0
762,TJK,2000.0,6284000.0
762,TJK,2005.0,6924000.0
762,TJK,2010.0,7652000.0
762,TJK,2015.0,8643000.0
762,TJK,2020.0,9749000.0
762,TJK,2024.0,10590000.0
795,TKM,1990.0,3760000.0
795,TKM,1995.0,4191000.0
795,TKM,2000.0,4582000.0
795,TKM,2005.0,5052000.0
795,TKM,2010.0,5564000.0
795,TKM,2015.0,6215000.0
795,TKM,2020.0,6949000.0
795,TKM,2024.0,7494000.0
626,TLS,1990.0,760000.0
626,TLS,1995.0,868000.0
626,TLS,2000.0,745000.0
626,TLS,2005.0,948000.0
626,TLS,2010.0,1084000.0
626,TLS,2015.0,1205000.0
626,TLS,2020.0,1326000.0
626,TLS,2024.0,1400000.0
776,TON,1990.0,99000.0
776,TON,1995.0,100000.0
776,TON,2000.0,102000.0
776,TON,2005.0,105000.0
776,TON,2010.0,107000.0
776,TON,2015.0,106000.0
776,TON,2020.0,105000.0
776,TON,2024.0,104000.0
780,TTO,1990.0,1252000.0
780,TTO,1995.0,1295000.0
780,TTO,2000.0,1319000.0
780,TTO,2005.0,1352000.0
780,TTO,2010.0,1386000.0
780,TTO,2015.0,1429000.0
780,TTO,2020.0,1481000.0
780,TTO,2024.0,1507000.0
788,TUN,1990.0,8324000.0
788,TUN,1995.0,9161000.0
788,TUN,2000.0,9764000.0
788,TUN,2005.0,10255000.0
788,TUN,2010.0,10765000.0
788,TUN,2015.0,11402000.0
788,TUN,2020.0,11974000.0
788,TUN,2024.0,12277000.0
792,TUR,1990.0,56015000.0
792,TUR,1995.0,61024000.0
792,TUR,2000.0,65425000.0
792,TUR,2005.0,69329000.0
792,TUR,2010.0,73346000.0
792,TUR,2015.0,80014000.0
792,TUR,2020.0,86091000.0
792,TUR,2024.0,87473000.0
798,TUV,1990.0,8000.0
798,TUV,1995.0,9000.0
798,TUV,2000.0,9000.0
798,TUV,2005.0,9000.0
798,TUV,2010.0,10000.0
798,TUV,2015.0,10000.0
798,TUV,2020.0,10000.0
798,TUV,2024.0,9000.0
158,TWN,1990.0,20594000.0
158,TWN,1995.0,21534000.0
158,TWN,2000.0,22332000.0
158,TWN,2005.0,22824000.0
158,TWN,2010.0,23224000.0
158,TWN,2015.0,23529000.0
158,TWN,2020.0,23663000.0
158,TWN,2024.0,23213000.0
834,TZA,1990.0,26110000.0
834,TZA,1995.0,30383000.0
834,TZA,2000.0,34260000.0
834,TZA,2005.0,39182000.0
834,TZA,2010.0,44758000.0
834,TZA,2015.0,52020000.0
834,TZA,2020.0,60972000.0
834,TZA,2024.0,68560000.0
800,UGA,1990.0,17569000.0
800,UGA,1995.0,20665000.0
800,UGA,2000.0,24000000.0
800,UGA,2005.0,27963000.0
800,UGA,2010.0,32390000.0
800,UGA,2015.0,37531000.0
800,UGA,2020.0,44457000.0
800,UGA,2024.0,50015000.0
804,UKR,1990.0,52054000.0
804,UKR,1995.0,51665000.0
804,UKR,2000.0,49556000.0
804,UKR,2005.0,47585000.0
804,UKR,2010.0,46456000.0
804,UKR,2015.0,45784000.0
804,UKR,2020.0,44680000.0
804,UKR,2024.0,37860000.0
858,URY,1990.0,3104000.0
858,URY,1995.0,3189000.0
858,URY,2000.0,3266000.0
858,URY,2005.0,3285000.0
858,URY,2010.0,3318000.0
858,URY,2015.0,3368000.0
858,URY,2020.0,3398000.0
858,URY,2024.0,3386000.0
840,USA,1990.0,253373000.0
840,USA,1995.0,268205000.0
840,USA,2000.0,281484000.0
840,USA,2005.0,295716000.0
840,USA,2010.0,311062000.0
840,USA,2015.0,326126000.0
840,USA,2020.0,339436000.0
840,USA,2024.0,345426000.0
860,UZB,1990.0,20464000.0
860,UZB,1995.0,22917000.0
860,UZB,2000.0,24787000.0
860,UZB,2005.0,26356000.0
860,UZB,2010.0,28385000.0
860,UZB,2015.0,30749000.0
860,UZB,2020.0,33586000.0
860,UZB,2024.0,36361000.0
670,VCT,1990.0,111000.0
670,VCT,1995.0,113000.0
670,VCT,2000.0,113000.0
670,VCT,2005.0,112000.0
670,VCT,2010.0,109000.0
670,VCT,2015.0,106000.0
670,VCT,2020.0,103000.0
670,VCT,2024.0,100000.0
862,VEN,1990.0,19827000.0
862,VEN,1995.0,22193000.0
862,VEN,2000.0,24526000.0
862,VEN,2005.0,26785000.0
862,VEN,2010.0,28813000.0
862,VEN,2015.0,30573000.0
862,VEN,2020.0,28444000.0
862,VEN,2024.0,28405000.0
704,VNM,1990.0,65504000.0
704,VNM,1995.0,72049000.0
704,VNM,2000.0,77154000.0
704,VNM,2005.0,81088000.0
704,VNM,2010.0,87455000.0
704,VNM,2015.0,92823000.0
704,VNM,2020.0,98079000.0
704,VNM,2024.0,100987000.0
548,VUT,1990.0,148000.0
548,VUT,1995.0,167000.0
548,VUT,2000.0,186000.0
548,VUT,2005.0,210000.0
548,VUT,2010.0,238000.0
548,VUT,2015.0,266000.0
548,VUT,2020.0,298000.0
548,VUT,2024.0,327000.0
882,WSM,1990.0,169000.0
882,WSM,1995.0,174000.0
882,WSM,2000.0,181000.0
882,WSM,2005.0,186000.0
882,WSM,2010.0,193000.0
882,WSM,2015.0,201000.0
882,WSM,2020.0,211000.0
882,WSM,2024.0,218000.0
887,YEM,1990.0,13887000.0
887,YEM,1995.0,16740000.0
887,YEM,2000.0,19624000.0
887,YEM,2005.0,22790000.0
887,YEM,2010.0,26754000.0
887,YEM,2015.0,31159000.0
887,YEM,2020.0,36134000.0
887,YEM,2024.0,40583000.0
710,ZAF,1990.0,40746000.0
710,ZAF,1995.0,44541000.0
710,ZAF,2000.0,47159000.0
710,ZAF,2005.0,49490000.0
710,ZAF,2010.0,52344000.0
710,ZAF,2015.0,56723000.0
710,ZAF,2020.0,60562000.0
710,ZAF,2024.0,64007000.0
894,ZMB,1990.0,7786000.0
894,ZMB,1995.0,8785000.0
894,ZMB,2000.0,10017000.0
894,ZMB,2005.0,11718000.0
894,ZMB,2010.0,13965000.0
894,ZMB,2015.0,16399000.0
894,ZMB,2020.0,19059000.0
894,ZMB,2024.0,21314000.0
716,ZWE,1990.0,10137000.0
716,ZWE,1995.0,10974000.0
716,ZWE,2000.0,11892000.0
716,ZWE,2005.0,12483000.0
716,ZWE,2010.0,13356000.0
716,ZWE,2015.0,14399000.0
716,ZWE,2020.0,15526000.0
716,ZWE,2024.0,16634000.0
