,a√±o,semilla,resolucion,modularidad,num_comunidades
0,1990,2,0.2,0.8649715620256098,8
1,1990,2,0.3,0.8227212153102791,10
2,1990,2,0.5,0.7499985440878593,11
3,1990,2,0.7,0.6896463692700696,12
4,1990,2,1.0,0.6289058334688779,13
5,1990,2,1.3,0.587308861487772,16
6,1990,2,1.5,0.5639399364579233,18
7,1990,2,1.7,0.5455300657093406,19
8,1990,2,2.0,0.51514467855477,20
9,1990,2,2.3,0.4871102780249699,21
10,1990,2,2.5,0.46285286751895327,22
11,1990,2,2.7,0.44997038118766325,24
12,1990,2,3.0,0.4402158843635381,26
13,1990,3,0.2,0.8649715620256104,8
14,1990,3,0.3,0.822721215310279,10
15,1990,3,0.5,0.7498662326725324,11
16,1990,3,0.7,0.6831125578633307,12
17,1990,3,1.0,0.622874386856953,15
18,1990,3,1.3,0.5821766809372656,15
19,1990,3,1.5,0.5598714667312987,17
20,1990,3,1.7,0.5335281735493741,17
21,1990,3,2.0,0.5031643025086275,21
22,1990,3,2.3,0.48803295306289335,23
23,1990,3,2.5,0.4739918739114143,24
24,1990,3,2.7,0.4600865547240861,24
25,1990,3,3.0,0.4401799520077954,25
26,1990,5,0.2,0.86497156202561,8
27,1990,5,0.3,0.822721215310279,10
28,1990,5,0.5,0.7498662326725324,11
29,1990,5,0.7,0.6879042140804532,14
30,1990,5,1.0,0.6180718498339973,13
31,1990,5,1.3,0.5777901909885372,16
32,1990,5,1.5,0.553000325966692,18
33,1990,5,1.7,0.5277348556167504,21
34,1990,5,2.0,0.5014808715466119,23
35,1990,5,2.3,0.4822400034198927,24
36,1990,5,2.5,0.4679659132371362,24
37,1990,5,2.7,0.45886924196717344,25
38,1990,5,3.0,0.43874599283846527,26
39,1990,7,0.2,0.865528501963343,9
40,1990,7,0.3,0.8227560474581087,9
41,1990,7,0.5,0.7499985440878594,11
42,1990,7,0.7,0.6896463692700697,12
43,1990,7,1.0,0.6245213529953956,14
44,1990,7,1.3,0.5853073708124713,16
45,1990,7,1.5,0.5616085177138724,17
46,1990,7,1.7,0.5446884540166854,18
47,1990,7,2.0,0.5203536315902333,20
48,1990,7,2.3,0.4905211833187592,22
49,1990,7,2.5,0.4751456247337534,22
50,1990,7,2.7,0.4604239434876343,25
51,1990,7,3.0,0.4401799520077954,25
52,1990,11,0.2,0.8649715620256099,8
53,1990,11,0.3,0.822721215310279,10
54,1990,11,0.5,0.7499985440878594,11
55,1990,11,0.7,0.6887224556987448,13
56,1990,11,1.0,0.6170065269260994,14
57,1990,11,1.3,0.5806549627543652,17
58,1990,11,1.5,0.5617249428964537,18
59,1990,11,1.7,0.542487171774823,19
60,1990,11,2.0,0.5136309773013138,20
61,1990,11,2.3,0.48653117868291745,23
62,1990,11,2.5,0.47399187391141423,24
63,1990,11,2.7,0.46042394348763427,25
64,1990,11,3.0,0.44017995200779547,25
65,1990,13,0.2,0.8647998773558047,7
66,1990,13,0.3,0.8227560474581088,9
67,1990,13,0.5,0.7499985440878594,11
68,1990,13,0.7,0.6879042140804533,14
69,1990,13,1.0,0.6325885009799006,15
70,1990,13,1.3,0.5903335910551588,17
71,1990,13,1.5,0.5572944752322683,17
72,1990,13,1.7,0.5404278289079145,19
73,1990,13,2.0,0.5150335148052576,21
74,1990,13,2.3,0.49381120593522854,22
75,1990,13,2.5,0.4784537655607406,21
76,1990,13,2.7,0.463031528512404,22
77,1990,13,3.0,0.4367670883191904,26
78,1990,17,0.2,0.8649715620256099,8
79,1990,17,0.3,0.8227212153102791,10
80,1990,17,0.5,0.7499985440878594,11
81,1990,17,0.7,0.6679610779519974,15
82,1990,17,1.0,0.6176175402369946,14
83,1990,17,1.3,0.5782583007545554,16
84,1990,17,1.5,0.5560807346916289,18
85,1990,17,1.7,0.5438558518374624,21
86,1990,17,2.0,0.5093549621061743,20
87,1990,17,2.3,0.48730020281620434,21
88,1990,17,2.5,0.4725907928255877,24
89,1990,17,2.7,0.46008655472408594,24
90,1990,17,3.0,0.44021588436353815,26
91,1990,19,0.2,0.8649715620256104,8
92,1990,19,0.3,0.8227560474581087,9
93,1990,19,0.5,0.7477808172827413,11
94,1990,19,0.7,0.6880238552095982,13
95,1990,19,1.0,0.6238416726288218,15
96,1990,19,1.3,0.5779813371791696,17
97,1990,19,1.5,0.5563123831419937,19
98,1990,19,1.7,0.5457333093718695,18
99,1990,19,2.0,0.5187016572771622,21
100,1990,19,2.3,0.49035511039262547,22
101,1990,19,2.5,0.47548608395189096,23
102,1990,19,2.7,0.4610925428703113,24
103,1990,19,3.0,0.43964606775951565,25
104,1990,23,0.2,0.8649715620256104,8
105,1990,23,0.3,0.8227212153102791,10
106,1990,23,0.5,0.7496616699456313,12
107,1990,23,0.7,0.6811654784450312,15
108,1990,23,1.0,0.6250495074318108,14
109,1990,23,1.3,0.580618549198467,17
110,1990,23,1.5,0.5595430798753108,18
111,1990,23,1.7,0.5322707035960003,20
112,1990,23,2.0,0.5062693999044252,22
113,1990,23,2.3,0.47781702565807377,23
114,1990,23,2.5,0.4722459362458634,23
115,1990,23,2.7,0.46075515410676315,23
116,1990,23,3.0,0.4371045712762012,26
117,1990,29,0.2,0.8655285019633431,9
118,1990,29,0.3,0.822721215310279,10
119,1990,29,0.5,0.7496616699456315,12
120,1990,29,0.7,0.6907703947733033,14
121,1990,29,1.0,0.6194443479709117,15
122,1990,29,1.3,0.5737073410395152,17
123,1990,29,1.5,0.5552978111311236,19
124,1990,29,1.7,0.5418765429350115,19
125,1990,29,2.0,0.5127888731547171,20
126,1990,29,2.3,0.4794680704218214,23
127,1990,29,2.5,0.47613572594580406,23
128,1990,29,2.7,0.4604239434876344,25
129,1990,29,3.0,0.44021588436353815,26
130,1990,31,0.2,0.8649715620256099,8
131,1990,31,0.3,0.822721215310279,10
132,1990,31,0.5,0.7499796494746308,12
133,1990,31,0.7,0.6814380161083234,13
134,1990,31,1.0,0.6210883199034168,13
135,1990,31,1.3,0.5750496185955686,17
136,1990,31,1.5,0.5534337782120621,18
137,1990,31,1.7,0.5324685659540809,20
138,1990,31,2.0,0.5032787341863841,22
139,1990,31,2.3,0.4768024341029681,22
140,1990,31,2.5,0.4654843819780811,22
141,1990,31,2.7,0.45213526318512903,24
142,1990,31,3.0,0.43673115596344775,25
143,1990,37,0.2,0.8655285019633432,9
144,1990,37,0.3,0.822721215310279,10
145,1990,37,0.5,0.7496693960278367,10
146,1990,37,0.7,0.6891890887336501,13
147,1990,37,1.0,0.6289203123258318,14
148,1990,37,1.3,0.5887380205589389,16
149,1990,37,1.5,0.563209955139397,19
150,1990,37,1.7,0.5430290203573765,20
151,1990,37,2.0,0.5099713562109466,21
152,1990,37,2.3,0.4938112059352285,22
153,1990,37,2.5,0.4754860839518909,23
154,1990,37,2.7,0.4610925428703113,24
155,1990,37,3.0,0.4351978544160243,26
156,1990,41,0.2,0.8649715620256104,8
157,1990,41,0.3,0.8227212153102791,10
158,1990,41,0.5,0.7499750855770627,11
159,1990,41,0.7,0.6720034882093164,14
160,1990,41,1.0,0.6289058334688779,13
161,1990,41,1.3,0.5873088614877718,16
162,1990,41,1.5,0.5639399364579232,18
163,1990,41,1.7,0.5455811760703919,20
164,1990,41,2.0,0.5148220160588282,22
165,1990,41,2.3,0.49006120756953764,21
166,1990,41,2.5,0.4749803849718964,23
167,1990,41,2.7,0.45852845574443835,24
168,1990,41,3.0,0.4396460677595156,25
169,1990,43,0.2,0.8649715620256104,8
170,1990,43,0.3,0.8227212153102791,10
171,1990,43,0.5,0.7499985440878595,11
172,1990,43,0.7,0.6857890009713756,13
173,1990,43,1.0,0.6242408074183438,14
174,1990,43,1.3,0.5887380205589389,16
175,1990,43,1.5,0.5628972672429525,17
176,1990,43,1.7,0.5419108979738098,18
177,1990,43,2.0,0.5187016572771622,21
178,1990,43,2.3,0.4845729988019527,22
179,1990,43,2.5,0.4737349216251662,23
180,1990,43,2.7,0.4604239434876342,25
181,1990,43,3.0,0.43714050363194396,27
182,1990,47,0.2,0.8655254849699335,8
183,1990,47,0.3,0.8227560474581087,9
184,1990,47,0.5,0.7499985440878593,11
185,1990,47,0.7,0.6866534190285944,12
186,1990,47,1.0,0.6221752945534194,15
187,1990,47,1.3,0.5822145748502964,16
188,1990,47,1.5,0.5595430798753107,18
189,1990,47,1.7,0.5454334642640764,19
190,1990,47,2.0,0.51603202928631,21
191,1990,47,2.3,0.4867878290431567,23
192,1990,47,2.5,0.47259079282558764,24
193,1990,47,2.7,0.45820867711144564,23
194,1990,47,3.0,0.4387459928384652,26
195,1990,53,0.2,0.8649715620256103,8
196,1990,53,0.3,0.8227212153102791,10
197,1990,53,0.5,0.7499985440878594,11
198,1990,53,0.7,0.6919851883765681,13
199,1990,53,1.0,0.6325740221229468,14
200,1990,53,1.3,0.5903335910551586,17
201,1990,53,1.5,0.5642275716416757,17
202,1990,53,1.7,0.5443078100562819,17
203,1990,53,2.0,0.5148663332376894,19
204,1990,53,2.3,0.48457299880195276,22
205,1990,53,2.5,0.4722459362458633,23
206,1990,53,2.7,0.4606965258461381,23
207,1990,53,3.0,0.43974312667269144,25
208,1990,59,0.2,0.865506427584176,8
209,1990,59,0.3,0.8226875378807306,9
210,1990,59,0.5,0.7499985440878594,11
211,1990,59,0.7,0.6879042140804532,14
212,1990,59,1.0,0.6201144155831735,15
213,1990,59,1.3,0.5804518693947684,15
214,1990,59,1.5,0.5581054517798083,17
215,1990,59,1.7,0.5385440756564461,18
216,1990,59,2.0,0.5085913487425355,21
217,1990,59,2.3,0.4785728735389935,22
218,1990,59,2.5,0.4639661553620118,23
219,1990,59,2.7,0.45186586893085917,25
220,1990,59,3.0,0.43120443694163507,25
221,1990,61,0.2,0.8649715620256099,8
222,1990,61,0.3,0.8227212153102791,10
223,1990,61,0.5,0.7499796494746308,12
224,1990,61,0.7,0.6879042140804532,14
225,1990,61,1.0,0.6194363366596303,15
226,1990,61,1.3,0.5856749419229115,16
227,1990,61,1.5,0.5648047404971824,17
228,1990,61,1.7,0.5457036352900312,19
229,1990,61,2.0,0.51603202928631,21
230,1990,61,2.3,0.4867878290431567,23
231,1990,61,2.5,0.47259079282558775,24
232,1990,61,2.7,0.4588692419671735,25
233,1990,61,3.0,0.4402158843635381,26
234,1990,67,0.2,0.8653598342869461,8
235,1990,67,0.3,0.8227560474581087,9
236,1990,67,0.5,0.7499985440878594,11
237,1990,67,0.7,0.6843483210630391,12
238,1990,67,1.0,0.6204728195704214,16
239,1990,67,1.3,0.5864252254241615,16
240,1990,67,1.5,0.5657362904729135,17
241,1990,67,1.7,0.5410658555516726,18
242,1990,67,2.0,0.5130692507090504,20
243,1990,67,2.3,0.4885883443303442,21
244,1990,67,2.5,0.47334747709878594,22
245,1990,67,2.7,0.4588692419671735,25
246,1990,67,3.0,0.44103658741923174,25
247,1990,71,0.2,0.8649715620256104,8
248,1990,71,0.3,0.822721215310279,10
249,1990,71,0.5,0.7499796494746308,12
250,1990,71,0.7,0.6843422183824168,12
251,1990,71,1.0,0.6225921313867839,14
252,1990,71,1.3,0.588738020558939,16
253,1990,71,1.5,0.5631585381799269,18
254,1990,71,1.7,0.5459246345348494,20
255,1990,71,2.0,0.5105124888117705,22
256,1990,71,2.3,0.4895544870003234,22
257,1990,71,2.5,0.47259079282558764,24
258,1990,71,2.7,0.45854946333418056,24
259,1990,71,3.0,0.44021588436353815,26
260,1995,2,0.2,0.850645787311672,7
261,1995,2,0.3,0.8047728725950465,8
262,1995,2,0.5,0.7285083589904986,10
263,1995,2,0.7,0.6672200352218642,13
264,1995,2,1.0,0.6126106447187699,14
265,1995,2,1.3,0.5696204326970888,17
266,1995,2,1.5,0.5491337453533137,17
267,1995,2,1.7,0.5308358371940661,18
268,1995,2,2.0,0.5062278366103815,20
269,1995,2,2.3,0.47777019611700644,20
270,1995,2,2.5,0.462448367848689,21
271,1995,2,2.7,0.44626525373808035,21
272,1995,2,3.0,0.4298133702905799,26
273,1995,3,0.2,0.8505248657990521,6
274,1995,3,0.3,0.8029657404865623,9
275,1995,3,0.5,0.7289967007888776,11
276,1995,3,0.7,0.6701551840420997,13
277,1995,3,1.0,0.6079754339279946,14
278,1995,3,1.3,0.5713916482622257,16
279,1995,3,1.5,0.5490751762688937,17
280,1995,3,1.7,0.5329739448598282,18
281,1995,3,2.0,0.5057578653005138,19
282,1995,3,2.3,0.48145560706664736,19
283,1995,3,2.5,0.4653668226855103,20
284,1995,3,2.7,0.450091854587944,22
285,1995,3,3.0,0.4287969727946219,25
286,1995,5,0.2,0.850645787311672,7
287,1995,5,0.3,0.8040029436565342,10
288,1995,5,0.5,0.7280272864721192,11
289,1995,5,0.7,0.6694198140293243,13
290,1995,5,1.0,0.6123498804700481,14
291,1995,5,1.3,0.5688082386788733,16
292,1995,5,1.5,0.5512216111558143,17
293,1995,5,1.7,0.5319505672153425,18
294,1995,5,2.0,0.5062278366103818,20
295,1995,5,2.3,0.4827627021942918,20
296,1995,5,2.5,0.46536682268551016,20
297,1995,5,2.7,0.4500181012954641,22
298,1995,5,3.0,0.42901451920813916,24
299,1995,7,0.2,0.8499154005606177,6
300,1995,7,0.3,0.8029657404865622,9
301,1995,7,0.5,0.7263519794002494,11
302,1995,7,0.7,0.6699680926760956,13
303,1995,7,1.0,0.6084205181440818,14
304,1995,7,1.3,0.5709388712933083,15
305,1995,7,1.5,0.5502040008642093,17
306,1995,7,1.7,0.5312517964969808,18
307,1995,7,2.0,0.5059869075796738,19
308,1995,7,2.3,0.4814556070666473,19
309,1995,7,2.5,0.46411262285926635,21
310,1995,7,2.7,0.4473857572705685,22
311,1995,7,3.0,0.42916901294413917,24
312,1995,11,0.2,0.8506457873116721,7
313,1995,11,0.3,0.8040029436565342,10
314,1995,11,0.5,0.7292126085091076,11
315,1995,11,0.7,0.6693496466572223,13
316,1995,11,1.0,0.6126307754111884,14
317,1995,11,1.3,0.5707024351449006,17
318,1995,11,1.5,0.5495496048203903,18
319,1995,11,1.7,0.5311082717452529,18
320,1995,11,2.0,0.5052251544278133,18
321,1995,11,2.3,0.48135368351199265,19
322,1995,11,2.5,0.46586507942398775,21
323,1995,11,2.7,0.45199650876119546,21
324,1995,11,3.0,0.43086519044248195,25
325,1995,13,0.2,0.8508088954656291,7
326,1995,13,0.3,0.8039075640342827,10
327,1995,13,0.5,0.7272514945836824,12
328,1995,13,0.7,0.670333603393223,12
329,1995,13,1.0,0.6077977049939683,14
330,1995,13,1.3,0.571857220176355,16
331,1995,13,1.5,0.5490211949996844,17
332,1995,13,1.7,0.5323055867453766,18
333,1995,13,2.0,0.5062278366103818,20
334,1995,13,2.3,0.4813536835119926,19
335,1995,13,2.5,0.4671192792502317,20
336,1995,13,2.7,0.45165499677866505,21
337,1995,13,3.0,0.4213194728856502,24
338,1995,17,0.2,0.8520491048423443,5
339,1995,17,0.3,0.8061223027095196,10
340,1995,17,0.5,0.7289967007888775,11
341,1995,17,0.7,0.6697139137062039,13
342,1995,17,1.0,0.6073398610738466,14
343,1995,17,1.3,0.5706616525827738,16
344,1995,17,1.5,0.5484656370246037,17
345,1995,17,1.7,0.5307532522152187,18
346,1995,17,2.0,0.4989521513249397,19
347,1995,17,2.3,0.48128303930273386,19
348,1995,17,2.5,0.46513178688613105,20
349,1995,17,2.7,0.4484656821938049,20
350,1995,17,3.0,0.42973602016958123,25
351,1995,19,0.2,0.8506457873116718,7
352,1995,19,0.3,0.8040329141836084,10
353,1995,19,0.5,0.7254111967430846,11
354,1995,19,0.7,0.6672200352218642,13
355,1995,19,1.0,0.6057556636940544,14
356,1995,19,1.3,0.5713916482622258,16
357,1995,19,1.5,0.5504624978501585,17
358,1995,19,1.7,0.531102570186592,18
359,1995,19,2.0,0.5029157315538221,19
360,1995,19,2.3,0.47598380128566825,20
361,1995,19,2.5,0.4658650794239878,21
362,1995,19,2.7,0.4502748276861456,22
363,1995,19,3.0,0.4300250008936816,24
364,1995,23,0.2,0.8497944790479975,5
365,1995,23,0.3,0.8053343677763356,9
366,1995,23,0.5,0.7280272864721191,11
367,1995,23,0.7,0.6654123198056034,12
368,1995,23,1.0,0.6100797187976442,14
369,1995,23,1.3,0.5735519061981552,17
370,1995,23,1.5,0.5472066918069423,18
371,1995,23,1.7,0.5323055867453768,18
372,1995,23,2.0,0.5062278366103817,20
373,1995,23,2.3,0.4827627021942918,20
374,1995,23,2.5,0.4654949601220168,20
375,1995,23,2.7,0.45007827663379907,21
376,1995,23,3.0,0.4264219760593396,24
377,1995,29,0.2,0.8514822543485815,5
378,1995,29,0.3,0.8018330808806068,8
379,1995,29,0.5,0.7251941192731706,11
380,1995,29,0.7,0.6679881551328216,13
381,1995,29,1.0,0.6082874493735863,14
382,1995,29,1.3,0.5713916482622257,16
383,1995,29,1.5,0.5519686246648133,18
384,1995,29,1.7,0.5316137852674271,18
385,1995,29,2.0,0.5062278366103816,20
386,1995,29,2.3,0.48276270219429174,20
387,1995,29,2.5,0.4671192792502317,20
388,1995,29,2.7,0.4500782766337989,21
389,1995,29,3.0,0.4293301047674935,23
390,1995,31,0.2,0.8499154005606177,6
391,1995,31,0.3,0.8040061346900327,10
392,1995,31,0.5,0.7254111967430846,11
393,1995,31,0.7,0.6694198140293243,13
394,1995,31,1.0,0.607383289516573,14
395,1995,31,1.3,0.5728870396124558,17
396,1995,31,1.5,0.5516528691268803,18
397,1995,31,1.7,0.5323055867453765,18
398,1995,31,2.0,0.5057578653005137,19
399,1995,31,2.3,0.48189382481347276,19
400,1995,31,2.5,0.4671192792502318,20
401,1995,31,2.7,0.45112168488778415,21
402,1995,31,3.0,0.4302615336942586,25
403,1995,37,0.2,0.8506457873116718,7
404,1995,37,0.3,0.8029657404865623,9
405,1995,37,0.5,0.7263519794002495,11
406,1995,37,0.7,0.6661815147477954,13
407,1995,37,1.0,0.6118365160604603,14
408,1995,37,1.3,0.575961122977764,16
409,1995,37,1.5,0.5519686246648133,18
410,1995,37,1.7,0.5330457523779086,18
411,1995,37,2.0,0.5055033993044177,18
412,1995,37,2.3,0.48135368351199254,19
413,1995,37,2.5,0.46711927925023167,20
414,1995,37,2.7,0.4501629898814927,22
415,1995,37,3.0,0.429973179680203,23
416,1995,41,0.2,0.850524865799052,6
417,1995,41,0.3,0.8040029436565344,10
418,1995,41,0.5,0.7282373361966421,11
419,1995,41,0.7,0.669028764018703,12
420,1995,41,1.0,0.6084960895695681,13
421,1995,41,1.3,0.5688082386788733,16
422,1995,41,1.5,0.552183815090987,18
423,1995,41,1.7,0.5277152299324949,17
424,1995,41,2.0,0.5031446449146229,18
425,1995,41,2.3,0.4769068788511451,18
426,1995,41,2.5,0.46069591128396753,21
427,1995,41,2.7,0.4461812814995743,24
428,1995,41,3.0,0.4255426428883564,25
429,1995,43,0.2,0.8506457873116721,7
430,1995,43,0.3,0.8040061346900329,10
431,1995,43,0.5,0.7250098562757049,11
432,1995,43,0.7,0.6661815147477953,13
433,1995,43,1.0,0.6126106447187698,14
434,1995,43,1.3,0.5722448190889615,16
435,1995,43,1.5,0.5469006930089416,16
436,1995,43,1.7,0.5313737435514514,17
437,1995,43,2.0,0.49712056742903604,20
438,1995,43,2.3,0.48234038161447074,19
439,1995,43,2.5,0.4628601462829237,21
440,1995,43,2.7,0.44806248109535135,21
441,1995,43,3.0,0.42687499178259936,23
442,1995,47,0.2,0.850524865799052,6
443,1995,47,0.3,0.8029657404865623,9
444,1995,47,0.5,0.7289967007888775,11
445,1995,47,0.7,0.6587232370468504,13
446,1995,47,1.0,0.6108715084300382,13
447,1995,47,1.3,0.5662687248688558,16
448,1995,47,1.5,0.546809478778086,18
449,1995,47,1.7,0.526649463351897,18
450,1995,47,2.0,0.499126276493194,19
451,1995,47,2.3,0.48111055249481255,19
452,1995,47,2.5,0.4649292186129536,20
453,1995,47,2.7,0.44995703419538163,23
454,1995,47,3.0,0.42901451920813916,24
455,1995,53,0.2,0.8527160879133399,6
456,1995,53,0.3,0.8047694543706977,8
457,1995,53,0.5,0.7274702218503297,11
458,1995,53,0.7,0.6680299458421268,13
459,1995,53,1.0,0.6121943999026898,14
460,1995,53,1.3,0.5708983121218287,16
461,1995,53,1.5,0.5495107099980027,17
462,1995,53,1.7,0.5329739448598281,18
463,1995,53,2.0,0.5052251544278132,18
464,1995,53,2.3,0.4810086289401578,19
465,1995,53,2.5,0.46668167517767517,20
466,1995,53,2.7,0.4499704993403293,20
467,1995,53,3.0,0.4296184587815491,25
468,1995,59,0.2,0.8509298169782491,8
469,1995,59,0.3,0.8018657121067053,7
470,1995,59,0.5,0.7270414448591594,12
471,1995,59,0.7,0.664885230732375,13
472,1995,59,1.0,0.6094137463696858,14
473,1995,59,1.3,0.5702045993080456,16
474,1995,59,1.5,0.552183815090987,18
475,1995,59,1.7,0.5330457523779089,18
476,1995,59,2.0,0.5062278366103817,20
477,1995,59,2.3,0.4797821622269111,20
478,1995,59,2.5,0.463795304983199,20
479,1995,59,2.7,0.44780226118714467,22
480,1995,59,3.0,0.4253376388527574,24
481,1995,61,0.2,0.850524865799052,6
482,1995,61,0.3,0.8040061346900327,10
483,1995,61,0.5,0.7263519794002495,11
484,1995,61,0.7,0.6691118101701252,13
485,1995,61,1.0,0.6123498804700481,14
486,1995,61,1.3,0.5716658744776609,17
487,1995,61,1.5,0.5492198405176213,17
488,1995,61,1.7,0.5310657388559092,18
489,1995,61,2.0,0.5024598753195468,20
490,1995,61,2.3,0.48135368351199265,19
491,1995,61,2.5,0.4671192792502317,20
492,1995,61,2.7,0.44862177114199453,20
493,1995,61,3.0,0.43024642476870933,25
494,1995,67,0.2,0.8506457873116721,7
495,1995,67,0.3,0.8029657404865622,9
496,1995,67,0.5,0.7292126085091075,11
497,1995,67,0.7,0.6685992804666772,13
498,1995,67,1.0,0.6116469055604338,14
499,1995,67,1.3,0.5727483200581237,17
500,1995,67,1.5,0.5521174654145179,17
501,1995,67,1.7,0.535652384564843,18
502,1995,67,2.0,0.5062278366103818,20
503,1995,67,2.3,0.48276270219429174,20
504,1995,67,2.5,0.46536096015622125,20
505,1995,67,2.7,0.4516549967786651,21
506,1995,67,3.0,0.430694680641645,24
507,1995,71,0.2,0.850645787311672,7
508,1995,71,0.3,0.8031384592784878,9
509,1995,71,0.5,0.7280272864721192,11
510,1995,71,0.7,0.6691118101701252,13
511,1995,71,1.0,0.61261064471877,14
512,1995,71,1.3,0.5719993481969246,16
513,1995,71,1.5,0.5492198405176214,17
514,1995,71,1.7,0.5316068160270149,18
515,1995,71,2.0,0.5013416154152278,19
516,1995,71,2.3,0.48114824124510663,20
517,1995,71,2.5,0.4645223381856685,20
518,1995,71,2.7,0.44721691287701637,22
519,1995,71,3.0,0.42942493878178223,25
520,2000,2,0.2,0.8365305423878875,5
521,2000,2,0.3,0.7802336425820143,6
522,2000,2,0.5,0.7024197500728436,12
523,2000,2,0.7,0.6395391351764822,10
524,2000,2,1.0,0.5901002961275347,13
525,2000,2,1.3,0.5531440088737861,16
526,2000,2,1.5,0.537608441416489,16
527,2000,2,1.7,0.5178620601525269,17
528,2000,2,2.0,0.4837398161936372,22
529,2000,2,2.3,0.4552820656079612,24
530,2000,2,2.5,0.4451884482964104,22
531,2000,2,2.7,0.43239288314213664,24
532,2000,2,3.0,0.4128785497574912,26
533,2000,3,0.2,0.8399284504412482,7
534,2000,3,0.3,0.787550972673676,7
535,2000,3,0.5,0.6986642764357542,10
536,2000,3,0.7,0.6398690821004037,11
537,2000,3,1.0,0.5922460889845651,12
538,2000,3,1.3,0.5594653306293751,15
539,2000,3,1.5,0.5372016655076368,15
540,2000,3,1.7,0.5154788361448953,18
541,2000,3,2.0,0.48884423700059093,20
542,2000,3,2.3,0.45857217767052966,22
543,2000,3,2.5,0.44524487898928056,23
544,2000,3,2.7,0.43239288314213653,24
545,2000,3,3.0,0.4128785497574913,26
546,2000,5,0.2,0.8378079088553898,7
547,2000,5,0.3,0.7832142788248164,8
548,2000,5,0.5,0.6941429434754897,11
549,2000,5,0.7,0.6354035398180774,12
550,2000,5,1.0,0.5891017505489154,13
551,2000,5,1.3,0.5527047152718679,16
552,2000,5,1.5,0.5376084414164891,16
553,2000,5,1.7,0.5163629800163946,17
554,2000,5,2.0,0.48891398214792625,21
555,2000,5,2.3,0.45979728204920045,23
556,2000,5,2.5,0.43847259481589074,23
557,2000,5,2.7,0.43239288314213653,24
558,2000,5,3.0,0.414322294177666,25
559,2000,7,0.2,0.8405890496158055,6
560,2000,7,0.3,0.7826929140467561,7
561,2000,7,0.5,0.6991380496358981,11
562,2000,7,0.7,0.6325848208812156,12
563,2000,7,1.0,0.589594009431619,12
564,2000,7,1.3,0.5522292639151872,15
565,2000,7,1.5,0.5287056716469387,15
566,2000,7,1.7,0.5179029234561877,16
567,2000,7,2.0,0.48361838161308407,21
568,2000,7,2.3,0.4598184900797149,22
569,2000,7,2.5,0.4392390862372085,23
570,2000,7,2.7,0.42782672434273306,25
571,2000,7,3.0,0.41036028001122765,27
572,2000,11,0.2,0.8384178655701591,7
573,2000,11,0.3,0.7828249363647264,8
574,2000,11,0.5,0.6979222905287846,11
575,2000,11,0.7,0.6358842118967534,11
576,2000,11,1.0,0.5908144411798064,12
577,2000,11,1.3,0.5519408649557709,15
578,2000,11,1.5,0.5377330782442447,16
579,2000,11,1.7,0.517862060152527,17
580,2000,11,2.0,0.4854792490844656,21
581,2000,11,2.3,0.45666664657986955,22
582,2000,11,2.5,0.44226382478808196,22
583,2000,11,2.7,0.4291468211615511,23
584,2000,11,3.0,0.4139535299133913,24
585,2000,13,0.2,0.8388096845805575,7
586,2000,13,0.3,0.7870747843736964,7
587,2000,13,0.5,0.7016605419692611,11
588,2000,13,0.7,0.6405812983047048,11
589,2000,13,1.0,0.5904393260049489,13
590,2000,13,1.3,0.5558269477248822,17
591,2000,13,1.5,0.5329382634689516,16
592,2000,13,1.7,0.5171002823381307,17
593,2000,13,2.0,0.48825820577345885,20
594,2000,13,2.3,0.46402196149260355,22
595,2000,13,2.5,0.44524487898928067,23
596,2000,13,2.7,0.4323928831421365,24
597,2000,13,3.0,0.41287854975749116,26
598,2000,17,0.2,0.8387390794267626,7
599,2000,17,0.3,0.7870482789709613,8
600,2000,17,0.5,0.699132711522521,11
601,2000,17,0.7,0.6372232772129389,11
602,2000,17,1.0,0.5897648707186586,13
603,2000,17,1.3,0.5531949340160791,16
604,2000,17,1.5,0.5333895336519131,15
605,2000,17,1.7,0.5107134167519666,18
606,2000,17,2.0,0.48905279743665153,20
607,2000,17,2.3,0.4590457561176759,23
608,2000,17,2.5,0.4380061382474593,21
609,2000,17,2.7,0.43078389743403045,23
610,2000,17,3.0,0.41287854975749116,26
611,2000,19,0.2,0.8405890496158057,6
612,2000,19,0.3,0.7883669853707673,8
613,2000,19,0.5,0.7021116151724289,11
614,2000,19,0.7,0.6410712377232761,12
615,2000,19,1.0,0.5879406867827208,13
616,2000,19,1.3,0.5519171252071573,16
617,2000,19,1.5,0.537734291937933,16
618,2000,19,1.7,0.5179029234561877,16
619,2000,19,2.0,0.4855329550544118,20
620,2000,19,2.3,0.456600097943638,23
621,2000,19,2.5,0.44221799397115047,22
622,2000,19,2.7,0.4291468211615512,23
623,2000,19,3.0,0.4116697290294954,26
624,2000,23,0.2,0.8384178655701591,7
625,2000,23,0.3,0.7838171233030398,8
626,2000,23,0.5,0.7018963185883421,11
627,2000,23,0.7,0.6402484757520563,12
628,2000,23,1.0,0.5886339136382999,13
629,2000,23,1.3,0.5506004815065398,15
630,2000,23,1.5,0.5298454520323239,16
631,2000,23,1.7,0.5096636184686292,18
632,2000,23,2.0,0.4841255531870645,20
633,2000,23,2.3,0.4616008099893831,23
634,2000,23,2.5,0.448350221734371,23
635,2000,23,2.7,0.4321703342600755,23
636,2000,23,3.0,0.4128785497574911,26
637,2000,29,0.2,0.8405890496158056,6
638,2000,29,0.3,0.787550972673676,7
639,2000,29,0.5,0.701660541969261,11
640,2000,29,0.7,0.6348716602780965,10
641,2000,29,1.0,0.5935198716399775,13
642,2000,29,1.3,0.5511981249513228,15
643,2000,29,1.5,0.530453407770663,16
644,2000,29,1.7,0.508387998992138,18
645,2000,29,2.0,0.48468385828074156,20
646,2000,29,2.3,0.46107140207398967,23
647,2000,29,2.5,0.44631790112912706,23
648,2000,29,2.7,0.4266844230714359,26
649,2000,29,3.0,0.41036028001122776,27
650,2000,31,0.2,0.8405890496158057,6
651,2000,31,0.3,0.7881358340104426,7
652,2000,31,0.5,0.7021116151724288,11
653,2000,31,0.7,0.6396802838066027,12
654,2000,31,1.0,0.5893522593089913,13
655,2000,31,1.3,0.5519150948374125,15
656,2000,31,1.5,0.5312101629548311,14
657,2000,31,1.7,0.5123143352230287,17
658,2000,31,2.0,0.48879949305900217,20
659,2000,31,2.3,0.45851318633858285,21
660,2000,31,2.5,0.4427092429269854,22
661,2000,31,2.7,0.4327806213194793,23
662,2000,31,3.0,0.41432540862538864,25
663,2000,37,0.2,0.83780790885539,7
664,2000,37,0.3,0.7832142788248164,8
665,2000,37,0.5,0.6923262227142492,8
666,2000,37,0.7,0.6331471831762355,12
667,2000,37,1.0,0.5896905899103131,13
668,2000,37,1.3,0.5560602999094412,16
669,2000,37,1.5,0.5353293394097791,16
670,2000,37,1.7,0.5179029234561876,16
671,2000,37,2.0,0.4840569980532704,21
672,2000,37,2.3,0.46449491592886044,21
673,2000,37,2.5,0.44485110231948854,23
674,2000,37,2.7,0.43239288314213664,24
675,2000,37,3.0,0.41200750276591513,25
676,2000,41,0.2,0.8405890496158055,6
677,2000,41,0.3,0.7827811735683193,6
678,2000,41,0.5,0.7036731160021595,12
679,2000,41,0.7,0.629985365573399,12
680,2000,41,1.0,0.5879612804544193,12
681,2000,41,1.3,0.5531949340160791,16
682,2000,41,1.5,0.5372986390709212,16
683,2000,41,1.7,0.5178570481454248,17
684,2000,41,2.0,0.4841606467095508,21
685,2000,41,2.3,0.4616008099893831,23
686,2000,41,2.5,0.4402918482480007,24
687,2000,41,2.7,0.4278886302404683,25
688,2000,41,3.0,0.4103602800112277,27
689,2000,43,0.2,0.8384178655701591,7
690,2000,43,0.3,0.7832142788248164,8
691,2000,43,0.5,0.7006226328705462,11
692,2000,43,0.7,0.6341592207418826,11
693,2000,43,1.0,0.591224147397028,12
694,2000,43,1.3,0.5539809411445232,16
695,2000,43,1.5,0.5351550924573131,17
696,2000,43,1.7,0.5178620601525269,17
697,2000,43,2.0,0.4886198207166405,20
698,2000,43,2.3,0.4650601519346361,21
699,2000,43,2.5,0.44837950725254117,21
700,2000,43,2.7,0.43300109694557354,23
701,2000,43,3.0,0.41404121808178557,24
702,2000,47,0.2,0.836885267200651,6
703,2000,47,0.3,0.7802543210307458,8
704,2000,47,0.5,0.7035342052115611,11
705,2000,47,0.7,0.640778963452634,12
706,2000,47,1.0,0.5926985545154894,13
707,2000,47,1.3,0.5560602999094412,16
708,2000,47,1.5,0.5353305531034674,16
709,2000,47,1.7,0.5176949023019327,16
710,2000,47,2.0,0.48951357119145616,18
711,2000,47,2.3,0.46216699396160943,22
712,2000,47,2.5,0.4448755520543174,22
713,2000,47,2.7,0.42992476849294897,23
714,2000,47,3.0,0.41418295674081557,24
715,2000,53,0.2,0.8387390794267624,7
716,2000,53,0.3,0.7826929140467561,7
717,2000,53,0.5,0.7022505259630274,12
718,2000,53,0.7,0.6396802838066028,12
719,2000,53,1.0,0.5879062708500712,13
720,2000,53,1.3,0.5447077640236846,17
721,2000,53,1.5,0.5243503905561947,16
722,2000,53,1.7,0.5052414646509279,19
723,2000,53,2.0,0.4812295292178167,20
724,2000,53,2.3,0.45520657837328843,22
725,2000,53,2.5,0.44642871431645426,23
726,2000,53,2.7,0.43144978303625475,24
727,2000,53,3.0,0.4122337435923615,26
728,2000,59,0.2,0.8387390794267624,7
729,2000,59,0.3,0.7870482789709612,8
730,2000,59,0.5,0.7022505259630274,12
731,2000,59,0.7,0.6277079347578622,13
732,2000,59,1.0,0.5880132127409481,13
733,2000,59,1.3,0.5462708212729394,16
734,2000,59,1.5,0.5263396806471282,16
735,2000,59,1.7,0.5097451945073271,16
736,2000,59,2.0,0.48833248568251164,20
737,2000,59,2.3,0.4637023378860833,22
738,2000,59,2.5,0.4484253321481263,22
739,2000,59,2.7,0.4327806213194795,23
740,2000,59,3.0,0.4128785497574911,26
741,2000,61,0.2,0.8366874264300865,5
742,2000,61,0.3,0.783478307827062,9
743,2000,61,0.5,0.703534205211561,11
744,2000,61,0.7,0.6353550422428715,13
745,2000,61,1.0,0.590439326004949,13
746,2000,61,1.3,0.5513454292400305,14
747,2000,61,1.5,0.5286284508126579,15
748,2000,61,1.7,0.5079100162197066,18
749,2000,61,2.0,0.4839863884015871,21
750,2000,61,2.3,0.4596432595458969,21
751,2000,61,2.5,0.44485110231948854,23
752,2000,61,2.7,0.4323659883785638,23
753,2000,61,3.0,0.41287854975749116,26
754,2000,67,0.2,0.8387390794267626,7
755,2000,67,0.3,0.7839568443507821,6
756,2000,67,0.5,0.7020847296011719,11
757,2000,67,0.7,0.6396343699428002,12
758,2000,67,1.0,0.5877157127746895,14
759,2000,67,1.3,0.5487195169931446,15
760,2000,67,1.5,0.5297451719486131,15
761,2000,67,1.7,0.5100478100382917,18
762,2000,67,2.0,0.4839402986330512,20
763,2000,67,2.3,0.4600311635007669,22
764,2000,67,2.5,0.44029184824800083,24
765,2000,67,2.7,0.4321703342600755,23
766,2000,67,3.0,0.41287854975749116,26
767,2000,71,0.2,0.8368632162896497,6
768,2000,71,0.3,0.7832142788248164,8
769,2000,71,0.5,0.7014998554757904,10
770,2000,71,0.7,0.6312050402438948,13
771,2000,71,1.0,0.5895297209498106,13
772,2000,71,1.3,0.5556849219456843,16
773,2000,71,1.5,0.5355559144784696,16
774,2000,71,1.7,0.5145663918044618,18
775,2000,71,2.0,0.48806755394809054,21
776,2000,71,2.3,0.45864237877067465,23
777,2000,71,2.5,0.44479467162661845,22
778,2000,71,2.7,0.4323928831421366,24
779,2000,71,3.0,0.414322294177666,25
780,2005,2,0.2,0.8348120641075001,6
781,2005,2,0.3,0.7799626926013925,7
782,2005,2,0.5,0.6884787279382156,9
783,2005,2,0.7,0.6209709294349021,9
784,2005,2,1.0,0.5668454244175377,12
785,2005,2,1.3,0.526632487607718,13
786,2005,2,1.5,0.5035137549780448,15
787,2005,2,1.7,0.4833540140396128,15
788,2005,2,2.0,0.45424388391305437,18
789,2005,2,2.3,0.42837716940854115,20
790,2005,2,2.5,0.4123976006842986,20
791,2005,2,2.7,0.39884611037630757,21
792,2005,2,3.0,0.38089590798894213,24
793,2005,3,0.2,0.8348120641075001,6
794,2005,3,0.3,0.7799626926013925,7
795,2005,3,0.5,0.6907015388199282,9
796,2005,3,0.7,0.6185223691566568,11
797,2005,3,1.0,0.5639197349469371,13
798,2005,3,1.3,0.5210820630515732,14
799,2005,3,1.5,0.5018631710290624,14
800,2005,3,1.7,0.4804572235405195,15
801,2005,3,2.0,0.45167413979253823,18
802,2005,3,2.3,0.4251468066887317,19
803,2005,3,2.5,0.4072865518871518,21
804,2005,3,2.7,0.3952386840518225,18
805,2005,3,3.0,0.3770645452014773,23
806,2005,5,0.2,0.8348120641075001,6
807,2005,5,0.3,0.7775176950605229,8
808,2005,5,0.5,0.6907015388199285,9
809,2005,5,0.7,0.6135595552979853,13
810,2005,5,1.0,0.5659317106112879,12
811,2005,5,1.3,0.5193297851782748,14
812,2005,5,1.5,0.501928838822482,15
813,2005,5,1.7,0.4814596436720834,15
814,2005,5,2.0,0.45271652745070956,18
815,2005,5,2.3,0.4284034737408999,20
816,2005,5,2.5,0.4063905646913035,19
817,2005,5,2.7,0.3987314139567215,21
818,2005,5,3.0,0.375706558917885,24
819,2005,7,0.2,0.8348519748840452,6
820,2005,7,0.3,0.7799626926013925,7
821,2005,7,0.5,0.6910102000915381,9
822,2005,7,0.7,0.6225411421569755,10
823,2005,7,1.0,0.5629453770614701,12
824,2005,7,1.3,0.5261503776488405,14
825,2005,7,1.5,0.49929099921243264,14
826,2005,7,1.7,0.47946853880562157,14
827,2005,7,2.0,0.45391975477014573,18
828,2005,7,2.3,0.42557473208677116,20
829,2005,7,2.5,0.4073614256154123,20
830,2005,7,2.7,0.3932913520529848,20
831,2005,7,3.0,0.3735199309218576,23
832,2005,11,0.2,0.8333469611835942,5
833,2005,11,0.3,0.7795039896941391,6
834,2005,11,0.5,0.6907015388178359,8
835,2005,11,0.7,0.6128175939921251,11
836,2005,11,1.0,0.5633340770416876,12
837,2005,11,1.3,0.5246472318653013,14
838,2005,11,1.5,0.5009373634760723,15
839,2005,11,1.7,0.47856850215410884,17
840,2005,11,2.0,0.4501084738923071,18
841,2005,11,2.3,0.4230339014952391,19
842,2005,11,2.5,0.40700591899779,21
843,2005,11,2.7,0.3974191783808633,21
844,2005,11,3.0,0.3774740889672676,26
845,2005,13,0.2,0.8348068595416783,6
846,2005,13,0.3,0.7795039896941394,6
847,2005,13,0.5,0.6884787279382156,9
848,2005,13,0.7,0.6175636519433791,9
849,2005,13,1.0,0.5680387928959364,12
850,2005,13,1.3,0.5299623476747372,13
851,2005,13,1.5,0.5043482037462341,14
852,2005,13,1.7,0.4770590374581204,14
853,2005,13,2.0,0.44946885453830443,18
854,2005,13,2.3,0.4267269806179895,19
855,2005,13,2.5,0.408956877584515,20
856,2005,13,2.7,0.3979337966081539,21
857,2005,13,3.0,0.3781720608452279,23
858,2005,17,0.2,0.8333469611835941,5
859,2005,17,0.3,0.7758182763448289,6
860,2005,17,0.5,0.6903976417275678,9
861,2005,17,0.7,0.6199627879554483,11
862,2005,17,1.0,0.5605536880059729,12
863,2005,17,1.3,0.5224052403407561,13
864,2005,17,1.5,0.5026282141226426,15
865,2005,17,1.7,0.476403289430105,15
866,2005,17,2.0,0.45013958969004186,18
867,2005,17,2.3,0.4280282179239468,20
868,2005,17,2.5,0.41012766304921533,20
869,2005,17,2.7,0.3968227676236098,22
870,2005,17,3.0,0.3798521766223285,25
871,2005,19,0.2,0.8348519748840452,6
872,2005,19,0.3,0.779962692601702,8
873,2005,19,0.5,0.6907015388199285,9
874,2005,19,0.7,0.6222496349563593,10
875,2005,19,1.0,0.5631491839900664,13
876,2005,19,1.3,0.5249893664588782,14
877,2005,19,1.5,0.5013954781975924,15
878,2005,19,1.7,0.48033111261666045,15
879,2005,19,2.0,0.4515080869380631,18
880,2005,19,2.3,0.4247754842953896,20
881,2005,19,2.5,0.4097705844992754,19
882,2005,19,2.7,0.39805423574412513,20
883,2005,19,3.0,0.37485828829069195,23
884,2005,23,0.2,0.8332132892038169,5
885,2005,23,0.3,0.7799626926013924,7
886,2005,23,0.5,0.6884787279376968,8
887,2005,23,0.7,0.6199627879554483,11
888,2005,23,1.0,0.5660055295837944,13
889,2005,23,1.3,0.5235572019657848,14
890,2005,23,1.5,0.5003269809576903,16
891,2005,23,1.7,0.48106172522892365,14
892,2005,23,2.0,0.4514038191126305,18
893,2005,23,2.3,0.4236738087617375,19
894,2005,23,2.5,0.40933533778829867,19
895,2005,23,2.7,0.39534590464055414,21
896,2005,23,3.0,0.3759401447216395,22
897,2005,29,0.2,0.8346666096619675,5
898,2005,29,0.3,0.77664597273374,7
899,2005,29,0.5,0.6823442913147044,9
900,2005,29,0.7,0.6222144561396882,10
901,2005,29,1.0,0.567331135240039,13
902,2005,29,1.3,0.5265757880107866,14
903,2005,29,1.5,0.5047278064517662,14
904,2005,29,1.7,0.48408700103088276,15
905,2005,29,2.0,0.45429274409534315,17
906,2005,29,2.3,0.42869259704875246,18
907,2005,29,2.5,0.41006156054939547,20
908,2005,29,2.7,0.39812879572861415,19
909,2005,29,3.0,0.37753584681443164,24
910,2005,31,0.2,0.8348519748840453,6
911,2005,31,0.3,0.7796632823662426,7
912,2005,31,0.5,0.6919416366125632,9
913,2005,31,0.7,0.622486541822006,10
914,2005,31,1.0,0.5611634343733531,14
915,2005,31,1.3,0.5263808903060468,14
916,2005,31,1.5,0.5049120522488885,15
917,2005,31,1.7,0.48397922210354877,15
918,2005,31,2.0,0.4537417410386122,18
919,2005,31,2.3,0.427661045485852,19
920,2005,31,2.5,0.4117868878342906,19
921,2005,31,2.7,0.3968095753149453,21
922,2005,31,3.0,0.3784264073253008,24
923,2005,37,0.2,0.8328200847115318,5
924,2005,37,0.3,0.7783506366380113,6
925,2005,37,0.5,0.6907015388199284,9
926,2005,37,0.7,0.6135825947542045,11
927,2005,37,1.0,0.561016164273446,12
928,2005,37,1.3,0.5264625092347928,14
929,2005,37,1.5,0.5010220374523799,13
930,2005,37,1.7,0.47922216299916337,15
931,2005,37,2.0,0.4542438839130544,18
932,2005,37,2.3,0.4275479596136429,19
933,2005,37,2.5,0.4121337660261499,20
934,2005,37,2.7,0.39888052952123026,22
935,2005,37,3.0,0.38062803099085013,25
936,2005,41,0.2,0.833483775188093,5
937,2005,41,0.3,0.7799626926013925,7
938,2005,41,0.5,0.6912254026599101,9
939,2005,41,0.7,0.6207756629395454,11
940,2005,41,1.0,0.5600347977137001,12
941,2005,41,1.3,0.5227338244362884,13
942,2005,41,1.5,0.4938679604867265,13
943,2005,41,1.7,0.4793506505624392,16
944,2005,41,2.0,0.45105580993598426,18
945,2005,41,2.3,0.4257620674979687,20
946,2005,41,2.5,0.4100328621019732,21
947,2005,41,2.7,0.3962991235208143,20
948,2005,41,3.0,0.375706558917885,24
949,2005,43,0.2,0.833401418543852,5
950,2005,43,0.3,0.7799626926013926,7
951,2005,43,0.5,0.6910102000915381,9
952,2005,43,0.7,0.6208237446474784,9
953,2005,43,1.0,0.5589296383629457,12
954,2005,43,1.3,0.5233183909312269,15
955,2005,43,1.5,0.5002941687220184,14
956,2005,43,1.7,0.48047383442450836,15
957,2005,43,2.0,0.45235966470252054,17
958,2005,43,2.3,0.42803203796597533,19
959,2005,43,2.5,0.41182381601537627,19
960,2005,43,2.7,0.3978880775848184,20
961,2005,43,3.0,0.38014351378351957,23
962,2005,47,0.2,0.8348120641075002,6
963,2005,47,0.3,0.7799626926013924,7
964,2005,47,0.5,0.6907015388199284,9
965,2005,47,0.7,0.6160890316299686,10
966,2005,47,1.0,0.5631342534264514,13
967,2005,47,1.3,0.524160863676955,15
968,2005,47,1.5,0.5030866456283263,16
969,2005,47,1.7,0.4829525471203625,16
970,2005,47,2.0,0.45386127211608646,18
971,2005,47,2.3,0.4281491141832683,19
972,2005,47,2.5,0.41256352166121363,19
973,2005,47,2.7,0.39838463923712086,20
974,2005,47,3.0,0.3794786020757409,23
975,2005,53,0.2,0.8333263915394113,5
976,2005,53,0.3,0.7766459727337399,7
977,2005,53,0.5,0.6826477756377278,10
978,2005,53,0.7,0.6064993093999121,11
979,2005,53,1.0,0.5620561827092195,13
980,2005,53,1.3,0.5227702869334944,13
981,2005,53,1.5,0.49749464442753294,12
982,2005,53,1.7,0.47433876192926683,14
983,2005,53,2.0,0.4442253262971193,17
984,2005,53,2.3,0.4221099021560178,20
985,2005,53,2.5,0.40740584591694995,20
986,2005,53,2.7,0.39308435588169,21
987,2005,53,3.0,0.37470225226011045,23
988,2005,59,0.2,0.8348120641075001,6
989,2005,59,0.3,0.7799626926013925,7
990,2005,59,0.5,0.6801987367359639,9
991,2005,59,0.7,0.6192921218033172,12
992,2005,59,1.0,0.563919734946937,13
993,2005,59,1.3,0.515023053031111,14
994,2005,59,1.5,0.49480010214398973,13
995,2005,59,1.7,0.47853289701043294,15
996,2005,59,2.0,0.45073002978325666,17
997,2005,59,2.3,0.4247754842953896,20
998,2005,59,2.5,0.4076069758020485,19
999,2005,59,2.7,0.3968666059168508,22
1000,2005,59,3.0,0.3792813316409767,23
1001,2005,61,0.2,0.8343185508987497,6
1002,2005,61,0.3,0.7799626926013925,7
1003,2005,61,0.5,0.6907015388199285,9
1004,2005,61,0.7,0.6222144561396881,10
1005,2005,61,1.0,0.5648461387277568,14
1006,2005,61,1.3,0.5227757324290562,13
1007,2005,61,1.5,0.5030852548298159,16
1008,2005,61,1.7,0.4774121389459421,15
1009,2005,61,2.0,0.4546961609151333,18
1010,2005,61,2.3,0.4275517796556715,18
1011,2005,61,2.5,0.4125635216612137,19
1012,2005,61,2.7,0.3986969948117987,20
1013,2005,61,3.0,0.3789130480590964,24
1014,2005,67,0.2,0.8351807191184311,6
1015,2005,67,0.3,0.779962692601702,8
1016,2005,67,0.5,0.6907015388199284,9
1017,2005,67,0.7,0.6222144561396881,10
1018,2005,67,1.0,0.5576385540475318,13
1019,2005,67,1.3,0.519836334485716,14
1020,2005,67,1.5,0.5036454612884086,16
1021,2005,67,1.7,0.48087040801833053,15
1022,2005,67,2.0,0.4440758774770518,19
1023,2005,67,2.3,0.42570099495517366,18
1024,2005,67,2.5,0.4102041309855574,19
1025,2005,67,2.7,0.39674665510266005,20
1026,2005,67,3.0,0.3776961369735337,23
1027,2005,71,0.2,0.8333469611835942,5
1028,2005,71,0.3,0.7775176950602658,7
1029,2005,71,0.5,0.6907015388199285,9
1030,2005,71,0.7,0.6139961192386844,10
1031,2005,71,1.0,0.5624410374825057,13
1032,2005,71,1.3,0.5199889877238538,13
1033,2005,71,1.5,0.5021481025159309,14
1034,2005,71,1.7,0.4796481478173007,16
1035,2005,71,2.0,0.45089211591916656,18
1036,2005,71,2.3,0.42509151901463255,18
1037,2005,71,2.5,0.4085361336053968,20
1038,2005,71,2.7,0.39737961345784123,21
1039,2005,71,3.0,0.3797881023443544,25
1040,2010,2,0.2,0.8246610049167009,5
1041,2010,2,0.3,0.7600095107339128,7
1042,2010,2,0.5,0.6679519160836691,8
1043,2010,2,0.7,0.6076407503765191,8
1044,2010,2,1.0,0.5549034795999116,11
1045,2010,2,1.3,0.5157926219307825,14
1046,2010,2,1.5,0.49367312992080825,15
1047,2010,2,1.7,0.47406178915323055,16
1048,2010,2,2.0,0.4457982986409737,17
1049,2010,2,2.3,0.4220867774588889,19
1050,2010,2,2.5,0.4070170644549564,21
1051,2010,2,2.7,0.3963784349345863,21
1052,2010,2,3.0,0.37937067149763926,26
1053,2010,3,0.2,0.8247959293101387,5
1054,2010,3,0.3,0.7576008179769291,6
1055,2010,3,0.5,0.6670663527129266,8
1056,2010,3,0.7,0.603875644292737,10
1057,2010,3,1.0,0.552768750316692,11
1058,2010,3,1.3,0.5126269469314959,14
1059,2010,3,1.5,0.49746891069401855,15
1060,2010,3,1.7,0.4734995931466872,16
1061,2010,3,2.0,0.4500118320520627,17
1062,2010,3,2.3,0.4241817402929066,19
1063,2010,3,2.5,0.4103568156541753,21
1064,2010,3,2.7,0.3970857615740881,21
1065,2010,3,3.0,0.37937067149763926,26
1066,2010,5,0.2,0.8235298447079127,4
1067,2010,5,0.3,0.7634754385828343,5
1068,2010,5,0.5,0.6745814357752807,7
1069,2010,5,0.7,0.6089723279371074,9
1070,2010,5,1.0,0.5606799301010997,12
1071,2010,5,1.3,0.518289501779146,13
1072,2010,5,1.5,0.4942907983530253,14
1073,2010,5,1.7,0.4687007194575759,15
1074,2010,5,2.0,0.4420409758542924,18
1075,2010,5,2.3,0.42255675621725525,18
1076,2010,5,2.5,0.4085123042868827,19
1077,2010,5,2.7,0.3960445622612288,23
1078,2010,5,3.0,0.38002723396449006,26
1079,2010,7,0.2,0.8235298447079127,4
1080,2010,7,0.3,0.7646160696091482,6
1081,2010,7,0.5,0.6745814357752808,7
1082,2010,7,0.7,0.6060871324646097,8
1083,2010,7,1.0,0.557393957560741,11
1084,2010,7,1.3,0.5166202149394791,13
1085,2010,7,1.5,0.4922070749538183,15
1086,2010,7,1.7,0.4731085394411759,15
1087,2010,7,2.0,0.44672879978593955,17
1088,2010,7,2.3,0.4238505095014267,21
1089,2010,7,2.5,0.41067755514267373,21
1090,2010,7,2.7,0.3977141968618857,23
1091,2010,7,3.0,0.38174183948278845,25
1092,2010,11,0.2,0.8235298447079127,4
1093,2010,11,0.3,0.7628150312663089,5
1094,2010,11,0.5,0.6722750629980893,7
1095,2010,11,0.7,0.6097772613773041,10
1096,2010,11,1.0,0.5597117847407591,11
1097,2010,11,1.3,0.5167034153969817,13
1098,2010,11,1.5,0.4940846248286554,16
1099,2010,11,1.7,0.4708227679387731,15
1100,2010,11,2.0,0.4459936332309156,16
1101,2010,11,2.3,0.42270488253460703,19
1102,2010,11,2.5,0.40869708694695506,20
1103,2010,11,2.7,0.3967309892004527,23
1104,2010,11,3.0,0.380640373269842,26
1105,2010,13,0.2,0.8235298447079127,4
1106,2010,13,0.3,0.7628150312663089,5
1107,2010,13,0.5,0.6730670307112676,7
1108,2010,13,0.7,0.6054978998306438,11
1109,2010,13,1.0,0.5568045539363747,12
1110,2010,13,1.3,0.5178312352977005,12
1111,2010,13,1.5,0.4880663668002955,15
1112,2010,13,1.7,0.47082155378211815,16
1113,2010,13,2.0,0.4508726075255495,17
1114,2010,13,2.3,0.4249523020394219,19
1115,2010,13,2.5,0.4084529036632244,21
1116,2010,13,2.7,0.39657867272911296,22
1117,2010,13,3.0,0.37937067149763926,26
1118,2010,17,0.2,0.8235298447079125,4
1119,2010,17,0.3,0.762815031266309,5
1120,2010,17,0.5,0.6728818589085905,7
1121,2010,17,0.7,0.598807525508204,11
1122,2010,17,1.0,0.5500763575806716,11
1123,2010,17,1.3,0.5232780914373474,13
1124,2010,17,1.5,0.49263037253355435,14
1125,2010,17,1.7,0.4724854952339383,15
1126,2010,17,2.0,0.44509093642218883,16
1127,2010,17,2.3,0.4180598364394092,21
1128,2010,17,2.5,0.4087372919986521,21
1129,2010,17,2.7,0.39592773845164014,22
1130,2010,17,3.0,0.38079888753035857,26
1131,2010,19,0.2,0.8235298447079125,4
1132,2010,19,0.3,0.7634754385828343,5
1133,2010,19,0.5,0.674581435775281,7
1134,2010,19,0.7,0.6068667247655409,9
1135,2010,19,1.0,0.5593932258983338,11
1136,2010,19,1.3,0.5181880242697613,14
1137,2010,19,1.5,0.4930632987350246,14
1138,2010,19,1.7,0.4721602699855759,15
1139,2010,19,2.0,0.44331248443614046,17
1140,2010,19,2.3,0.4220932514931631,20
1141,2010,19,2.5,0.4098055340403118,21
1142,2010,19,2.7,0.3959534094405371,22
1143,2010,19,3.0,0.38002723396449,26
1144,2010,23,0.2,0.8235298447079126,4
1145,2010,23,0.3,0.7646146888297035,6
1146,2010,23,0.5,0.674464121996048,7
1147,2010,23,0.7,0.6006762381964773,10
1148,2010,23,1.0,0.5542641795674782,12
1149,2010,23,1.3,0.5147214396996265,13
1150,2010,23,1.5,0.4956725486001879,14
1151,2010,23,1.7,0.47357209167344994,15
1152,2010,23,2.0,0.44735608617305506,17
1153,2010,23,2.3,0.41911144735396066,18
1154,2010,23,2.5,0.4079273656693498,22
1155,2010,23,2.7,0.39611165757933997,24
1156,2010,23,3.0,0.3796131686552695,25
1157,2010,29,0.2,0.8239813358533513,4
1158,2010,29,0.3,0.7629335219955679,6
1159,2010,29,0.5,0.6661999064522592,8
1160,2010,29,0.7,0.6074767123645513,9
1161,2010,29,1.0,0.5591812504079483,11
1162,2010,29,1.3,0.5181880242697612,14
1163,2010,29,1.5,0.49414604351814845,14
1164,2010,29,1.7,0.4730094518694991,15
1165,2010,29,2.0,0.4451709094778998,16
1166,2010,29,2.3,0.4204641587790273,21
1167,2010,29,2.5,0.4088789788566881,21
1168,2010,29,2.7,0.39653839998350954,22
1169,2010,29,3.0,0.3803206640230902,25
1170,2010,31,0.2,0.8243660688239662,5
1171,2010,31,0.3,0.7646160696091482,6
1172,2010,31,0.5,0.672867662924016,7
1173,2010,31,0.7,0.5998321698937787,10
1174,2010,31,1.0,0.5491141076741622,11
1175,2010,31,1.3,0.5149215828327676,12
1176,2010,31,1.5,0.4984812276931492,14
1177,2010,31,1.7,0.4726548944400682,15
1178,2010,31,2.0,0.4447095093975959,16
1179,2010,31,2.3,0.41985463514558385,20
1180,2010,31,2.5,0.40670535484583,20
1181,2010,31,2.7,0.39652938689960643,22
1182,2010,31,3.0,0.3780519888300057,25
1183,2010,37,0.2,0.8235298447079127,4
1184,2010,37,0.3,0.7629335219955679,6
1185,2010,37,0.5,0.6745814357752808,7
1186,2010,37,0.7,0.6068667247655409,9
1187,2010,37,1.0,0.5540647971817809,12
1188,2010,37,1.3,0.5181880242697612,14
1189,2010,37,1.5,0.4935135104349861,15
1190,2010,37,1.7,0.4744978592079245,15
1191,2010,37,2.0,0.44600040701093197,17
1192,2010,37,2.3,0.4230776378666321,20
1193,2010,37,2.5,0.4092931848915092,21
1194,2010,37,2.7,0.3963432872170275,22
1195,2010,37,3.0,0.3798687197039735,26
1196,2010,41,0.2,0.8247959293101388,5
1197,2010,41,0.3,0.7596566150438069,7
1198,2010,41,0.5,0.6659929435253633,8
1199,2010,41,0.7,0.6000960857608897,9
1200,2010,41,1.0,0.5517244892388244,12
1201,2010,41,1.3,0.5131138545007109,14
1202,2010,41,1.5,0.4953885668713608,14
1203,2010,41,1.7,0.47098998836220285,15
1204,2010,41,2.0,0.4468223310284476,17
1205,2010,41,2.3,0.4243904791769772,19
1206,2010,41,2.5,0.41018689394700486,21
1207,2010,41,2.7,0.39763446714777384,22
1208,2010,41,3.0,0.38159651416935947,26
1209,2010,43,0.2,0.8235298447079126,4
1210,2010,43,0.3,0.7634754385828344,5
1211,2010,43,0.5,0.6745814357752808,7
1212,2010,43,0.7,0.6079145124212065,10
1213,2010,43,1.0,0.5569205522124563,12
1214,2010,43,1.3,0.5157281909325091,14
1215,2010,43,1.5,0.4926789660838362,14
1216,2010,43,1.7,0.47265489444006825,15
1217,2010,43,2.0,0.4439917108431915,17
1218,2010,43,2.3,0.41917768805126415,19
1219,2010,43,2.5,0.4067414604607152,20
1220,2010,43,2.7,0.39619072564804886,24
1221,2010,43,3.0,0.379480204862725,25
1222,2010,47,0.2,0.8235298447079127,4
1223,2010,47,0.3,0.7634759637616279,5
1224,2010,47,0.5,0.6728963937977966,7
1225,2010,47,0.7,0.6048870420577666,10
1226,2010,47,1.0,0.5593932258983338,11
1227,2010,47,1.3,0.5232780914373474,13
1228,2010,47,1.5,0.4982326494324767,15
1229,2010,47,1.7,0.4712575532614418,15
1230,2010,47,2.0,0.4448260255230565,17
1231,2010,47,2.3,0.422033328715511,18
1232,2010,47,2.5,0.4077151626095379,20
1233,2010,47,2.7,0.3959081064809471,22
1234,2010,47,3.0,0.3807988875303586,26
1235,2010,53,0.2,0.8235298447079126,4
1236,2010,53,0.3,0.7579807129004916,6
1237,2010,53,0.5,0.6745814357752808,7
1238,2010,53,0.7,0.6069317933524525,9
1239,2010,53,1.0,0.5562057872988881,12
1240,2010,53,1.3,0.5181880242697613,14
1241,2010,53,1.5,0.4928193589302381,14
1242,2010,53,1.7,0.47309361671399003,15
1243,2010,53,2.0,0.44405111970590433,18
1244,2010,53,2.3,0.42216540004104175,19
1245,2010,53,2.5,0.4071927001593174,20
1246,2010,53,2.7,0.39446584307367755,22
1247,2010,53,3.0,0.37979776165183443,25
1248,2010,59,0.2,0.8243660688239662,5
1249,2010,59,0.3,0.7579846622203914,7
1250,2010,59,0.5,0.6728963937977965,7
1251,2010,59,0.7,0.6033631929162205,8
1252,2010,59,1.0,0.558655884335611,11
1253,2010,59,1.3,0.5181880242697613,14
1254,2010,59,1.5,0.4928193589302381,14
1255,2010,59,1.7,0.4698173418991759,16
1256,2010,59,2.0,0.44545904215605014,17
1257,2010,59,2.3,0.4220583487359367,20
1258,2010,59,2.5,0.4086970869469551,20
1259,2010,59,2.7,0.3958323410735927,22
1260,2010,59,3.0,0.380640373269842,26
1261,2010,61,0.2,0.8235298447079125,4
1262,2010,61,0.3,0.7578958336563159,6
1263,2010,61,0.5,0.6627876949580558,8
1264,2010,61,0.7,0.5979143901594782,10
1265,2010,61,1.0,0.5504613201070145,11
1266,2010,61,1.3,0.5181880242697613,14
1267,2010,61,1.5,0.49390649460346736,15
1268,2010,61,1.7,0.4736847331510503,15
1269,2010,61,2.0,0.4443828610038116,17
1270,2010,61,2.3,0.4216285729115316,19
1271,2010,61,2.5,0.40660201745058144,23
1272,2010,61,2.7,0.39466360612034795,23
1273,2010,61,3.0,0.37596469576476954,25
1274,2010,67,0.2,0.8235298447079127,4
1275,2010,67,0.3,0.7651877174142936,6
1276,2010,67,0.5,0.6745814357752808,7
1277,2010,67,0.7,0.6052366009640885,10
1278,2010,67,1.0,0.553445638834996,11
1279,2010,67,1.3,0.5128992043209906,14
1280,2010,67,1.5,0.49260544039077553,14
1281,2010,67,1.7,0.47150113273329386,15
1282,2010,67,2.0,0.444718259339926,17
1283,2010,67,2.3,0.42268882754278586,19
1284,2010,67,2.5,0.40869708694695506,20
1285,2010,67,2.7,0.39624480005575546,24
1286,2010,67,3.0,0.38064037326984207,26
1287,2010,71,0.2,0.8235298447079126,4
1288,2010,71,0.3,0.7646160696091482,6
1289,2010,71,0.5,0.6626558200957813,8
1290,2010,71,0.7,0.6004434039643091,11
1291,2010,71,1.0,0.5561549748373057,11
1292,2010,71,1.3,0.5209566605694657,12
1293,2010,71,1.5,0.4963690644093755,15
1294,2010,71,1.7,0.47376300842608654,14
1295,2010,71,2.0,0.4450652905414672,17
1296,2010,71,2.3,0.42328604068376474,19
1297,2010,71,2.5,0.4104889694323385,21
1298,2010,71,2.7,0.39738294974836225,22
1299,2010,71,3.0,0.38244247012788185,26
1300,2015,2,0.2,0.8199608591548339,6
1301,2015,2,0.3,0.7606248248945041,6
1302,2015,2,0.5,0.6611339741442269,8
1303,2015,2,0.7,0.6004898491970043,10
1304,2015,2,1.0,0.5480404300195135,12
1305,2015,2,1.3,0.5071634316996719,13
1306,2015,2,1.5,0.48478264905703095,14
1307,2015,2,1.7,0.46637623576377374,15
1308,2015,2,2.0,0.43606271544042724,16
1309,2015,2,2.3,0.4104402114770398,18
1310,2015,2,2.5,0.39749961018785407,21
1311,2015,2,2.7,0.38502416027957553,21
1312,2015,2,3.0,0.3641871214019513,24
1313,2015,3,0.2,0.8199608591548339,6
1314,2015,3,0.3,0.7628439381866564,6
1315,2015,3,0.5,0.6634664745709556,7
1316,2015,3,0.7,0.6014818226427592,10
1317,2015,3,1.0,0.5495400634915582,11
1318,2015,3,1.3,0.5082510743139743,13
1319,2015,3,1.5,0.480977533197099,14
1320,2015,3,1.7,0.46346170690771976,15
1321,2015,3,2.0,0.4332837992086436,16
1322,2015,3,2.3,0.40921147845425415,17
1323,2015,3,2.5,0.39407128634914956,20
1324,2015,3,2.7,0.38170733396113465,22
1325,2015,3,3.0,0.3630977615402372,23
1326,2015,5,0.2,0.8199607003350257,5
1327,2015,5,0.3,0.7599213354758436,6
1328,2015,5,0.5,0.6637937188764467,7
1329,2015,5,0.7,0.5927111537266336,10
1330,2015,5,1.0,0.5443723638572942,11
1331,2015,5,1.3,0.5067889487456944,12
1332,2015,5,1.5,0.48376878375954496,15
1333,2015,5,1.7,0.46100012580695093,16
1334,2015,5,2.0,0.4343100822602192,18
1335,2015,5,2.3,0.40645076548305337,19
1336,2015,5,2.5,0.39509304036388354,19
1337,2015,5,2.7,0.38257597224041096,21
1338,2015,5,3.0,0.36452382172463427,23
1339,2015,7,0.2,0.8199608591548339,6
1340,2015,7,0.3,0.7612946054866359,6
1341,2015,7,0.5,0.6569062787816348,7
1342,2015,7,0.7,0.5944511919627847,9
1343,2015,7,1.0,0.5205093782868869,12
1344,2015,7,1.3,0.4914793497050646,14
1345,2015,7,1.5,0.4709941670874833,14
1346,2015,7,1.7,0.46242937700980824,16
1347,2015,7,2.0,0.4333680682778543,18
1348,2015,7,2.3,0.4031421361776803,20
1349,2015,7,2.5,0.39684679371591686,21
1350,2015,7,2.7,0.38336468002542246,22
1351,2015,7,3.0,0.36364411185316103,24
1352,2015,11,0.2,0.8188489380502711,6
1353,2015,11,0.3,0.7612790088183995,6
1354,2015,11,0.5,0.6481046733158426,7
1355,2015,11,0.7,0.6007194899700632,9
1356,2015,11,1.0,0.5523543120770636,12
1357,2015,11,1.3,0.5066158714610993,13
1358,2015,11,1.5,0.4812645899074024,16
1359,2015,11,1.7,0.4629464991633889,16
1360,2015,11,2.0,0.42952305658806894,17
1361,2015,11,2.3,0.40763885037717573,20
1362,2015,11,2.5,0.3953420575137932,21
1363,2015,11,2.7,0.3838680113790472,21
1364,2015,11,3.0,0.36372954542128694,25
1365,2015,13,0.2,0.8198346723489406,6
1366,2015,13,0.3,0.7606248248945042,6
1367,2015,13,0.5,0.6638349467704832,7
1368,2015,13,0.7,0.5967053082499317,10
1369,2015,13,1.0,0.548180173718178,12
1370,2015,13,1.3,0.5050376211492833,14
1371,2015,13,1.5,0.48073687999160725,15
1372,2015,13,1.7,0.46453809627227616,15
1373,2015,13,2.0,0.43450064898888613,16
1374,2015,13,2.3,0.40930519117867115,18
1375,2015,13,2.5,0.39727942158586826,21
1376,2015,13,2.7,0.38399232007133244,21
1377,2015,13,3.0,0.36592319130085427,23
1378,2015,17,0.2,0.8187439058322055,5
1379,2015,17,0.3,0.7543965263150956,7
1380,2015,17,0.5,0.6489679943054012,8
1381,2015,17,0.7,0.5950817084150732,9
1382,2015,17,1.0,0.5425388185037825,13
1383,2015,17,1.3,0.49083806280463826,14
1384,2015,17,1.5,0.47622535027983814,15
1385,2015,17,1.7,0.45927652218397347,15
1386,2015,17,2.0,0.43010096999338093,17
1387,2015,17,2.3,0.40559661152032744,21
1388,2015,17,2.5,0.39227518052804466,21
1389,2015,17,2.7,0.38108218124026283,23
1390,2015,17,3.0,0.3659325196268684,25
1391,2015,19,0.2,0.8198346723489406,6
1392,2015,19,0.3,0.7606248248945043,6
1393,2015,19,0.5,0.6610746938419767,7
1394,2015,19,0.7,0.5981353239409658,9
1395,2015,19,1.0,0.54806461325613,12
1396,2015,19,1.3,0.5067889487456944,12
1397,2015,19,1.5,0.4816896569758729,14
1398,2015,19,1.7,0.4633275497105469,16
1399,2015,19,2.0,0.43484484092918396,16
1400,2015,19,2.3,0.40928376737196925,19
1401,2015,19,2.5,0.39402713494215014,20
1402,2015,19,2.7,0.38279006277673433,20
1403,2015,19,3.0,0.3642215088508182,24
1404,2015,23,0.2,0.8198346723489405,6
1405,2015,23,0.3,0.7606248248945042,6
1406,2015,23,0.5,0.6637935516003814,7
1407,2015,23,0.7,0.5995313925922635,9
1408,2015,23,1.0,0.5484819537523052,12
1409,2015,23,1.3,0.5067889487456945,12
1410,2015,23,1.5,0.48432225315959004,14
1411,2015,23,1.7,0.4594398919693971,17
1412,2015,23,2.0,0.4337109127202362,16
1413,2015,23,2.3,0.4107347004618296,18
1414,2015,23,2.5,0.3945511401163518,21
1415,2015,23,2.7,0.38368323543482447,20
1416,2015,23,3.0,0.36592311645050607,22
1417,2015,29,0.2,0.8169548436711441,5
1418,2015,29,0.3,0.7536634044321525,7
1419,2015,29,0.5,0.6600698527090333,7
1420,2015,29,0.7,0.6013407550998127,9
1421,2015,29,1.0,0.5478971634559001,11
1422,2015,29,1.3,0.5076923711050819,12
1423,2015,29,1.5,0.48362610913190446,14
1424,2015,29,1.7,0.4657802335990546,16
1425,2015,29,2.0,0.4345703696144484,16
1426,2015,29,2.3,0.4101172091102295,18
1427,2015,29,2.5,0.39522439849336666,21
1428,2015,29,2.7,0.38197464277924364,21
1429,2015,29,3.0,0.36447710899751073,25
1430,2015,31,0.2,0.8198346723489407,6
1431,2015,31,0.3,0.7628439381866565,6
1432,2015,31,0.5,0.6610737815526022,7
1433,2015,31,0.7,0.5976433143976535,10
1434,2015,31,1.0,0.5400864948272069,12
1435,2015,31,1.3,0.5132837792225673,12
1436,2015,31,1.5,0.4817919833128676,14
1437,2015,31,1.7,0.46039466898082915,17
1438,2015,31,2.0,0.4346894792906821,17
1439,2015,31,2.3,0.40959948871783614,19
1440,2015,31,2.5,0.395662150903189,21
1441,2015,31,2.7,0.3836874604158109,22
1442,2015,31,3.0,0.3651042780885235,23
1443,2015,37,0.2,0.8198346723489407,6
1444,2015,37,0.3,0.7612946054866357,6
1445,2015,37,0.5,0.6620025672570352,7
1446,2015,37,0.7,0.5893621835930646,10
1447,2015,37,1.0,0.55033316919098,11
1448,2015,37,1.3,0.5022830529583656,13
1449,2015,37,1.5,0.4826667717442757,16
1450,2015,37,1.7,0.4642727122450563,16
1451,2015,37,2.0,0.4337445318546299,17
1452,2015,37,2.3,0.41259082909212746,18
1453,2015,37,2.5,0.3952826832508056,20
1454,2015,37,2.7,0.38299981992576454,21
1455,2015,37,3.0,0.3650911224380545,23
1456,2015,41,0.2,0.819960843060241,5
1457,2015,41,0.3,0.7606248248945041,6
1458,2015,41,0.5,0.6600698527090332,7
1459,2015,41,0.7,0.5981353239409659,9
1460,2015,41,1.0,0.5496782612621298,12
1461,2015,41,1.3,0.5067889487456945,12
1462,2015,41,1.5,0.4846070932611036,14
1463,2015,41,1.7,0.46222554678392974,15
1464,2015,41,2.0,0.4333157944451898,17
1465,2015,41,2.3,0.4081579981537915,21
1466,2015,41,2.5,0.39525419778554394,21
1467,2015,41,2.7,0.383931791722298,21
1468,2015,41,3.0,0.36553644428174187,22
1469,2015,43,0.2,0.8198346723489407,6
1470,2015,43,0.3,0.7606248248945043,6
1471,2015,43,0.5,0.6635294487322885,8
1472,2015,43,0.7,0.5943586031011947,9
1473,2015,43,1.0,0.5496782612621299,12
1474,2015,43,1.3,0.5143626587908949,13
1475,2015,43,1.5,0.48905687237342443,14
1476,2015,43,1.7,0.4603433580625983,14
1477,2015,43,2.0,0.4333247632123394,18
1478,2015,43,2.3,0.4037836232214237,20
1479,2015,43,2.5,0.39266366600699487,20
1480,2015,43,2.7,0.3808534825460274,23
1481,2015,43,3.0,0.36447710899751073,25
1482,2015,47,0.2,0.8198346723489407,6
1483,2015,47,0.3,0.7628439381866564,6
1484,2015,47,0.5,0.6634655257313679,7
1485,2015,47,0.7,0.5899149641650037,11
1486,2015,47,1.0,0.5369814861726379,12
1487,2015,47,1.3,0.5007415828340679,13
1488,2015,47,1.5,0.4767405955042062,16
1489,2015,47,1.7,0.46100012580695093,16
1490,2015,47,2.0,0.43570472715045416,17
1491,2015,47,2.3,0.40703455175442005,18
1492,2015,47,2.5,0.39308176528307903,21
1493,2015,47,2.7,0.3826536692925783,22
1494,2015,47,3.0,0.3643779873219087,25
1495,2015,53,0.2,0.8199608430602412,5
1496,2015,53,0.3,0.7612946054866357,6
1497,2015,53,0.5,0.6626757624756817,7
1498,2015,53,0.7,0.6003513344335427,9
1499,2015,53,1.0,0.5496782612621299,12
1500,2015,53,1.3,0.5139774248078832,12
1501,2015,53,1.5,0.4890133964754302,14
1502,2015,53,1.7,0.4658366022793533,15
1503,2015,53,2.0,0.4380194842890462,16
1504,2015,53,2.3,0.40988310634108194,19
1505,2015,53,2.5,0.39666512875516563,20
1506,2015,53,2.7,0.38531703975714005,20
1507,2015,53,3.0,0.3646822130678467,23
1508,2015,59,0.2,0.8198346723489406,6
1509,2015,59,0.3,0.7628439381866564,6
1510,2015,59,0.5,0.6638349467704832,7
1511,2015,59,0.7,0.6023246788392072,10
1512,2015,59,1.0,0.5480405137677273,13
1513,2015,59,1.3,0.5066158714610993,13
1514,2015,59,1.5,0.47923920898574834,16
1515,2015,59,1.7,0.45988032313180843,16
1516,2015,59,2.0,0.4347194081025745,17
1517,2015,59,2.3,0.4109944809497901,19
1518,2015,59,2.5,0.3960846443537619,21
1519,2015,59,2.7,0.3838739391897853,20
1520,2015,59,3.0,0.36096614255450116,24
1521,2015,61,0.2,0.8198346723489406,6
1522,2015,61,0.3,0.7612946054866357,6
1523,2015,61,0.5,0.6602179356899912,7
1524,2015,61,0.7,0.6007835681599376,10
1525,2015,61,1.0,0.5496782612621298,12
1526,2015,61,1.3,0.5130194478713964,12
1527,2015,61,1.5,0.48751782946914485,13
1528,2015,61,1.7,0.46073405700671677,16
1529,2015,61,2.0,0.4337179544608004,16
1530,2015,61,2.3,0.41026635886370794,19
1531,2015,61,2.5,0.39555675994395345,21
1532,2015,61,2.7,0.38270201868946074,22
1533,2015,61,3.0,0.3653729712192642,24
1534,2015,67,0.2,0.8198346723489407,6
1535,2015,67,0.3,0.7612790088183994,6
1536,2015,67,0.5,0.6638349467704833,7
1537,2015,67,0.7,0.6027074212440431,10
1538,2015,67,1.0,0.5495105918644061,10
1539,2015,67,1.3,0.5066158714610992,13
1540,2015,67,1.5,0.48134225961547716,15
1541,2015,67,1.7,0.4631376220025956,16
1542,2015,67,2.0,0.43389817604671405,17
1543,2015,67,2.3,0.4088516014814554,18
1544,2015,67,2.5,0.39600020251452545,21
1545,2015,67,2.7,0.38420958909346553,20
1546,2015,67,3.0,0.36592319130085427,23
1547,2015,71,0.2,0.8185120910142252,5
1548,2015,71,0.3,0.760609465330109,6
1549,2015,71,0.5,0.6606266475706212,7
1550,2015,71,0.7,0.5861784852419534,10
1551,2015,71,1.0,0.5485061369889215,12
1552,2015,71,1.3,0.49793793933113306,15
1553,2015,71,1.5,0.47879000837199304,16
1554,2015,71,1.7,0.4599007738363529,17
1555,2015,71,2.0,0.4326320271388942,17
1556,2015,71,2.3,0.40783553880145357,19
1557,2015,71,2.5,0.39234349051819606,22
1558,2015,71,2.7,0.3794765967401744,23
1559,2015,71,3.0,0.3650041584055559,25
1560,2020,2,0.2,0.81006787770384,5
1561,2020,2,0.3,0.7472894105664831,6
1562,2020,2,0.5,0.6380126873096986,7
1563,2020,2,0.7,0.5737594853336213,10
1564,2020,2,1.0,0.5284259884458803,12
1565,2020,2,1.3,0.484056029947468,15
1566,2020,2,1.5,0.46074974689168974,15
1567,2020,2,1.7,0.44495913475453264,17
1568,2020,2,2.0,0.4113401679911688,17
1569,2020,2,2.3,0.3934173693647614,19
1570,2020,2,2.5,0.37402761941617524,19
1571,2020,2,2.7,0.358892235911013,20
1572,2020,2,3.0,0.3395334650202359,21
1573,2020,3,0.2,0.8096912304782194,4
1574,2020,3,0.3,0.7463123553329746,5
1575,2020,3,0.5,0.6407336363679015,7
1576,2020,3,0.7,0.5775454576014534,9
1577,2020,3,1.0,0.529643884292743,11
1578,2020,3,1.3,0.4829457676687653,15
1579,2020,3,1.5,0.4607153996361921,15
1580,2020,3,1.7,0.4434802226536525,16
1581,2020,3,2.0,0.4162969702768988,16
1582,2020,3,2.3,0.39177629605259373,20
1583,2020,3,2.5,0.3777996716107955,20
1584,2020,3,2.7,0.3646709290688258,22
1585,2020,3,3.0,0.3455360938626057,23
1586,2020,5,0.2,0.8096912304782198,4
1587,2020,5,0.3,0.7463123911034153,6
1588,2020,5,0.5,0.6275046060676919,6
1589,2020,5,0.7,0.5641006552776532,11
1590,2020,5,1.0,0.5259073701017304,12
1591,2020,5,1.3,0.4831293476123433,13
1592,2020,5,1.5,0.46525250958995545,15
1593,2020,5,1.7,0.44471906475944123,15
1594,2020,5,2.0,0.4119392930409058,20
1595,2020,5,2.3,0.3935276879831233,19
1596,2020,5,2.5,0.37852792914236766,20
1597,2020,5,2.7,0.365467607790336,23
1598,2020,5,3.0,0.347741620782402,23
1599,2020,7,0.2,0.80969123047822,4
1600,2020,7,0.3,0.745605950585138,6
1601,2020,7,0.5,0.6313291370684895,8
1602,2020,7,0.7,0.5751762615435354,10
1603,2020,7,1.0,0.5282879125524433,12
1604,2020,7,1.3,0.48055513919587084,15
1605,2020,7,1.5,0.4626741246609892,15
1606,2020,7,1.7,0.44466617960442434,16
1607,2020,7,2.0,0.4172724582139467,18
1608,2020,7,2.3,0.39399516778552895,18
1609,2020,7,2.5,0.37779959805567215,19
1610,2020,7,2.7,0.3654297850898094,21
1611,2020,7,3.0,0.3478319335649511,23
1612,2020,11,0.2,0.8052425905206546,4
1613,2020,11,0.3,0.7472874352036878,6
1614,2020,11,0.5,0.6380601710692455,7
1615,2020,11,0.7,0.5798474743984421,9
1616,2020,11,1.0,0.518373093081385,11
1617,2020,11,1.3,0.48269965136763915,14
1618,2020,11,1.5,0.46187504053434275,16
1619,2020,11,1.7,0.44250098189027093,14
1620,2020,11,2.0,0.4181936629175413,17
1621,2020,11,2.3,0.3939725595725029,19
1622,2020,11,2.5,0.38048868765128263,20
1623,2020,11,2.7,0.36624910327469523,22
1624,2020,11,3.0,0.34884371464305686,22
1625,2020,13,0.2,0.8096911986455779,3
1626,2020,13,0.3,0.7472874352036878,6
1627,2020,13,0.5,0.6382140658058802,7
1628,2020,13,0.7,0.5798474743984421,9
1629,2020,13,1.0,0.5284259884458804,12
1630,2020,13,1.3,0.47992503781288326,15
1631,2020,13,1.5,0.4585297862431698,15
1632,2020,13,1.7,0.4449042439719623,14
1633,2020,13,2.0,0.41492693042657375,19
1634,2020,13,2.3,0.39216652663399454,18
1635,2020,13,2.5,0.37723816519558445,18
1636,2020,13,2.7,0.3654748185101179,21
1637,2020,13,3.0,0.34731156314104006,22
1638,2020,17,0.2,0.8058726185533561,4
1639,2020,17,0.3,0.7472874352036877,6
1640,2020,17,0.5,0.6365054033857429,7
1641,2020,17,0.7,0.5730130802346133,10
1642,2020,17,1.0,0.5190884623586658,10
1643,2020,17,1.3,0.47555155703477375,15
1644,2020,17,1.5,0.4577878199132394,15
1645,2020,17,1.7,0.4397321868269967,15
1646,2020,17,2.0,0.4142116878317304,18
1647,2020,17,2.3,0.38983856862271316,19
1648,2020,17,2.5,0.37712141162201357,21
1649,2020,17,2.7,0.36445375521970524,22
1650,2020,17,3.0,0.3444693490177646,23
1651,2020,19,0.2,0.8045190862090817,4
1652,2020,19,0.3,0.7472874352036878,6
1653,2020,19,0.5,0.637753052671174,7
1654,2020,19,0.7,0.5808565049247693,10
1655,2020,19,1.0,0.5284259884458804,12
1656,2020,19,1.3,0.4842376453777223,14
1657,2020,19,1.5,0.46113111537767104,16
1658,2020,19,1.7,0.4434765916714336,16
1659,2020,19,2.0,0.41790729514342373,17
1660,2020,19,2.3,0.3929956717075756,19
1661,2020,19,2.5,0.37906324784479206,20
1662,2020,19,2.7,0.36496722266551673,21
1663,2020,19,3.0,0.34899384280567053,23
1664,2020,23,0.2,0.8100678777038403,5
1665,2020,23,0.3,0.7472874352036879,6
1666,2020,23,0.5,0.6380601710692457,7
1667,2020,23,0.7,0.5707399079912282,8
1668,2020,23,1.0,0.517037634940975,11
1669,2020,23,1.3,0.47728173055526674,15
1670,2020,23,1.5,0.45688016825483496,14
1671,2020,23,1.7,0.43978515493856896,15
1672,2020,23,2.0,0.4125253699114486,16
1673,2020,23,2.3,0.3890280065352029,19
1674,2020,23,2.5,0.37516556650445526,21
1675,2020,23,2.7,0.35975391499725046,21
1676,2020,23,3.0,0.3457220948951954,23
1677,2020,29,0.2,0.8096912304782193,4
1678,2020,29,0.3,0.7472874352036879,6
1679,2020,29,0.5,0.6338138475543895,7
1680,2020,29,0.7,0.5822436706491988,9
1681,2020,29,1.0,0.5282879125524433,12
1682,2020,29,1.3,0.4842375375533021,13
1683,2020,29,1.5,0.4621748542553136,16
1684,2020,29,1.7,0.4429975153914076,16
1685,2020,29,2.0,0.41542198432070776,16
1686,2020,29,2.3,0.3944898615112144,20
1687,2020,29,2.5,0.38048868765128263,20
1688,2020,29,2.7,0.366620062873178,23
1689,2020,29,3.0,0.3471858153636202,24
1690,2020,31,0.2,0.8096912304782193,4
1691,2020,31,0.3,0.7472874352036876,6
1692,2020,31,0.5,0.6393899114760145,7
1693,2020,31,0.7,0.5785691623010583,9
1694,2020,31,1.0,0.520660628669525,12
1695,2020,31,1.3,0.48423764537772235,14
1696,2020,31,1.5,0.46220493465786816,16
1697,2020,31,1.7,0.4414132232506756,15
1698,2020,31,2.0,0.41809481464508985,18
1699,2020,31,2.3,0.3928905930268453,20
1700,2020,31,2.5,0.37824728562508086,20
1701,2020,31,2.7,0.36467341517867136,21
1702,2020,31,3.0,0.3451276772428192,23
1703,2020,37,0.2,0.8045190862090817,4
1704,2020,37,0.3,0.745605950585138,6
1705,2020,37,0.5,0.6356832383059232,7
1706,2020,37,0.7,0.5784700312336702,8
1707,2020,37,1.0,0.5246776400791484,11
1708,2020,37,1.3,0.48372793095620964,14
1709,2020,37,1.5,0.4627844765334085,16
1710,2020,37,1.7,0.4437089519594456,17
1711,2020,37,2.0,0.4156211387468226,16
1712,2020,37,2.3,0.3920816998711507,20
1713,2020,37,2.5,0.37907921061259225,20
1714,2020,37,2.7,0.36487785385698585,23
1715,2020,37,3.0,0.3483634981650451,24
1716,2020,41,0.2,0.8048413564694272,4
1717,2020,41,0.3,0.7463123911034155,6
1718,2020,41,0.5,0.6407336363679015,7
1719,2020,41,0.7,0.5801730248227307,10
1720,2020,41,1.0,0.5284422266351524,11
1721,2020,41,1.3,0.4829753907288234,15
1722,2020,41,1.5,0.46300778458702135,16
1723,2020,41,1.7,0.44317899554207146,16
1724,2020,41,2.0,0.41555355637121655,16
1725,2020,41,2.3,0.39321645319004006,19
1726,2020,41,2.5,0.37721846922512514,20
1727,2020,41,2.7,0.36445366800963885,21
1728,2020,41,3.0,0.34747724495167365,24
1729,2020,43,0.2,0.80969123047822,4
1730,2020,43,0.3,0.7463123911034155,6
1731,2020,43,0.5,0.6317660595047414,7
1732,2020,43,0.7,0.5838475331708715,10
1733,2020,43,1.0,0.5259073701017304,12
1734,2020,43,1.3,0.4785292404218241,15
1735,2020,43,1.5,0.4576664038573615,16
1736,2020,43,1.7,0.4382943369794258,14
1737,2020,43,2.0,0.4071825916692267,17
1738,2020,43,2.3,0.3895831967429443,19
1739,2020,43,2.5,0.37657010137698266,20
1740,2020,43,2.7,0.36603951996549877,22
1741,2020,43,3.0,0.34781432966312253,23
1742,2020,47,0.2,0.8096911986455784,3
1743,2020,47,0.3,0.7472874352036879,6
1744,2020,47,0.5,0.638188274865831,7
1745,2020,47,0.7,0.5822436706491989,9
1746,2020,47,1.0,0.5283162850452096,12
1747,2020,47,1.3,0.4834142863785812,13
1748,2020,47,1.5,0.46242265385853826,15
1749,2020,47,1.7,0.4449590517979775,16
1750,2020,47,2.0,0.41222282547233546,15
1751,2020,47,2.3,0.39154747663030365,20
1752,2020,47,2.5,0.38048868765128263,20
1753,2020,47,2.7,0.367172081316068,22
1754,2020,47,3.0,0.34899389676177106,24
1755,2020,53,0.2,0.8096912304782198,4
1756,2020,53,0.3,0.7472874352036879,6
1757,2020,53,0.5,0.6323727563835484,8
1758,2020,53,0.7,0.5802458346939591,8
1759,2020,53,1.0,0.5290883601047316,12
1760,2020,53,1.3,0.4811110603299507,15
1761,2020,53,1.5,0.4590448387825977,15
1762,2020,53,1.7,0.43959712857427624,15
1763,2020,53,2.0,0.4167508672665884,16
1764,2020,53,2.3,0.3939124959148331,19
1765,2020,53,2.5,0.3797604301197104,20
1766,2020,53,2.7,0.364473648951978,22
1767,2020,53,3.0,0.3465524157421889,22
1768,2020,59,0.2,0.8096911986455787,3
1769,2020,59,0.3,0.7472874352036878,6
1770,2020,59,0.5,0.6390928163739185,7
1771,2020,59,0.7,0.5678295820156295,9
1772,2020,59,1.0,0.5268201217445072,12
1773,2020,59,1.3,0.48242746000422215,16
1774,2020,59,1.5,0.4614825318993576,16
1775,2020,59,1.7,0.4376790343048007,16
1776,2020,59,2.0,0.41359411437878907,19
1777,2020,59,2.3,0.3939725782747915,20
1778,2020,59,2.5,0.3804886876512826,20
1779,2020,59,2.7,0.36494914193571565,21
1780,2020,59,3.0,0.34884376859915744,23
1781,2020,61,0.2,0.8096911986455784,3
1782,2020,61,0.3,0.7428798159312588,6
1783,2020,61,0.5,0.633623304193731,8
1784,2020,61,0.7,0.5770217615040483,10
1785,2020,61,1.0,0.5251995933121357,11
1786,2020,61,1.3,0.48269965136763915,14
1787,2020,61,1.5,0.4625735103423953,15
1788,2020,61,1.7,0.4426505467308537,16
1789,2020,61,2.0,0.41458709676690053,18
1790,2020,61,2.3,0.38828878626041585,19
1791,2020,61,2.5,0.37438077254116553,20
1792,2020,61,2.7,0.3629171497284923,21
1793,2020,61,3.0,0.34373380957700833,22
1794,2020,67,0.2,0.8096911986455779,3
1795,2020,67,0.3,0.7304619693123148,5
1796,2020,67,0.5,0.638210319556954,7
1797,2020,67,0.7,0.5695123903218074,10
1798,2020,67,1.0,0.521148513387093,11
1799,2020,67,1.3,0.4858800437962023,13
1800,2020,67,1.5,0.45922852308236073,15
1801,2020,67,1.7,0.44389425943551014,17
1802,2020,67,2.0,0.4169195020030477,17
1803,2020,67,2.3,0.3937892116367925,18
1804,2020,67,2.5,0.3787032551435521,19
1805,2020,67,2.7,0.3665823273827179,22
1806,2020,67,3.0,0.34831815722977033,23
1807,2020,71,0.2,0.8100678777038403,5
1808,2020,71,0.3,0.7472874352036875,6
1809,2020,71,0.5,0.6407336363679015,7
1810,2020,71,0.7,0.5785691623010584,9
1811,2020,71,1.0,0.5200260645787064,12
1812,2020,71,1.3,0.4819453466479886,13
1813,2020,71,1.5,0.4630740378877643,16
1814,2020,71,1.7,0.4448514870804889,16
1815,2020,71,2.0,0.4169755466868775,16
1816,2020,71,2.3,0.3935129549439985,19
1817,2020,71,2.5,0.37824728562508086,20
1818,2020,71,2.7,0.3649104154231181,21
1819,2020,71,3.0,0.3467860057277535,23
1820,2024,2,0.2,0.8064043155451546,4
1821,2024,2,0.3,0.729108937621658,5
1822,2024,2,0.5,0.61417029799046,8
1823,2024,2,0.7,0.558606291934679,10
1824,2024,2,1.0,0.5049074413754017,12
1825,2024,2,1.3,0.4601204396504341,14
1826,2024,2,1.5,0.44024912517378817,14
1827,2024,2,1.7,0.4242487764598923,15
1828,2024,2,2.0,0.3963730093757383,16
1829,2024,2,2.3,0.3773214910690773,19
1830,2024,2,2.5,0.36541369199067614,22
1831,2024,2,2.7,0.34978968628524515,24
1832,2024,2,3.0,0.33276124084427877,24
1833,2024,3,0.2,0.8064043155451546,4
1834,2024,3,0.3,0.7304457478071439,5
1835,2024,3,0.5,0.616586492673604,7
1836,2024,3,0.7,0.5622825996644848,10
1837,2024,3,1.0,0.5038313974859192,12
1838,2024,3,1.3,0.45992082230566744,15
1839,2024,3,1.5,0.4430558669516145,13
1840,2024,3,1.7,0.4246786514903932,16
1841,2024,3,2.0,0.399187766118841,17
1842,2024,3,2.3,0.37568539256136047,21
1843,2024,3,2.5,0.3643200184695724,21
1844,2024,3,2.7,0.35180372404317134,22
1845,2024,3,3.0,0.33269986948173574,23
1846,2024,5,0.2,0.8064043155451546,4
1847,2024,5,0.3,0.7230906477036524,5
1848,2024,5,0.5,0.6108384314771658,8
1849,2024,5,0.7,0.5582039413122023,10
1850,2024,5,1.0,0.4961702365750484,12
1851,2024,5,1.3,0.46271108737058597,12
1852,2024,5,1.5,0.44315311311714,15
1853,2024,5,1.7,0.4233716458513585,17
1854,2024,5,2.0,0.39902400674040095,17
1855,2024,5,2.3,0.37556315746484936,19
1856,2024,5,2.5,0.3607973685817458,20
1857,2024,5,2.7,0.34785892552410164,23
1858,2024,5,3.0,0.3302579140215696,23
1859,2024,7,0.2,0.8064043155451546,4
1860,2024,7,0.3,0.732401029421704,5
1861,2024,7,0.5,0.6141702979904599,8
1862,2024,7,0.7,0.559522182493621,9
1863,2024,7,1.0,0.5071353018629783,11
1864,2024,7,1.3,0.4631659207998007,15
1865,2024,7,1.5,0.4443554277936583,16
1866,2024,7,1.7,0.42374410886816155,16
1867,2024,7,2.0,0.3985518462679068,18
1868,2024,7,2.3,0.3754778982254741,20
1869,2024,7,2.5,0.36290232996732463,21
1870,2024,7,2.7,0.3517464396345912,23
1871,2024,7,3.0,0.3342803696933415,23
1872,2024,11,0.2,0.806353526964051,4
1873,2024,11,0.3,0.7243620293011056,5
1874,2024,11,0.5,0.6147460521373004,7
1875,2024,11,0.7,0.5625402999547514,8
1876,2024,11,1.0,0.5078761331531747,13
1877,2024,11,1.3,0.46199404836094937,15
1878,2024,11,1.5,0.4432947097940892,16
1879,2024,11,1.7,0.4249057067762859,16
1880,2024,11,2.0,0.39845758900396405,16
1881,2024,11,2.3,0.37503546048658526,18
1882,2024,11,2.5,0.36221505383513153,19
1883,2024,11,2.7,0.3520793787139648,21
1884,2024,11,3.0,0.33432560524668775,23
1885,2024,13,0.2,0.8064043155451548,4
1886,2024,13,0.3,0.7247236535549334,6
1887,2024,13,0.5,0.6153430544810047,7
1888,2024,13,0.7,0.5460349450036653,10
1889,2024,13,1.0,0.4938026426339701,12
1890,2024,13,1.3,0.46385706045733816,15
1891,2024,13,1.5,0.44521934598254825,16
1892,2024,13,1.7,0.42611391259753983,16
1893,2024,13,2.0,0.39963433354791345,17
1894,2024,13,2.3,0.3769506891908748,18
1895,2024,13,2.5,0.3622827934273818,20
1896,2024,13,2.7,0.3515827023067939,22
1897,2024,13,3.0,0.3339106569847617,22
1898,2024,17,0.2,0.8063534948490002,3
1899,2024,17,0.3,0.7276318039263291,5
1900,2024,17,0.5,0.6124965679817124,8
1901,2024,17,0.7,0.5630588102633202,10
1902,2024,17,1.0,0.5078761331531748,13
1903,2024,17,1.3,0.46382635789037274,14
1904,2024,17,1.5,0.4420918091239034,16
1905,2024,17,1.7,0.42295652497076186,17
1906,2024,17,2.0,0.39942245362487266,18
1907,2024,17,2.3,0.3779542334128414,20
1908,2024,17,2.5,0.36481095702152855,21
1909,2024,17,2.7,0.3529613698555549,23
1910,2024,17,3.0,0.33488424142015877,23
1911,2024,19,0.2,0.8064043155451546,4
1912,2024,19,0.3,0.7319323685257656,5
1913,2024,19,0.5,0.615482453626564,8
1914,2024,19,0.7,0.5601195261642622,9
1915,2024,19,1.0,0.5065085399499192,11
1916,2024,19,1.3,0.4617123058877208,14
1917,2024,19,1.5,0.4416096026911068,16
1918,2024,19,1.7,0.422396262268184,16
1919,2024,19,2.0,0.3991463136370764,17
1920,2024,19,2.3,0.3756666016453882,20
1921,2024,19,2.5,0.36298770926726376,21
1922,2024,19,2.7,0.3522078520343815,21
1923,2024,19,3.0,0.3333981071530789,22
1924,2024,23,0.2,0.8064043155451546,4
1925,2024,23,0.3,0.729108937621658,5
1926,2024,23,0.5,0.616511668299315,8
1927,2024,23,0.7,0.5619685559346363,8
1928,2024,23,1.0,0.508545605796408,11
1929,2024,23,1.3,0.4613103376357635,13
1930,2024,23,1.5,0.44119035412051716,15
1931,2024,23,1.7,0.4233588163755869,17
1932,2024,23,2.0,0.3997013200567996,18
1933,2024,23,2.3,0.3774345903293578,19
1934,2024,23,2.5,0.36360758950850086,22
1935,2024,23,2.7,0.35097464971281966,23
1936,2024,23,3.0,0.3329637858489854,24
1937,2024,29,0.2,0.8063535269640513,4
1938,2024,29,0.3,0.7291089376216578,5
1939,2024,29,0.5,0.6140342240852928,8
1940,2024,29,0.7,0.5625060320561832,9
1941,2024,29,1.0,0.5070979140480598,12
1942,2024,29,1.3,0.4658952723085039,13
1943,2024,29,1.5,0.44325110039954835,15
1944,2024,29,1.7,0.4263633242566047,16
1945,2024,29,2.0,0.3993125913325951,17
1946,2024,29,2.3,0.375669665574797,20
1947,2024,29,2.5,0.36300579638367714,22
1948,2024,29,2.7,0.34922548805933995,22
1949,2024,29,3.0,0.33149854692439734,23
1950,2024,31,0.2,0.806353526964051,4
1951,2024,31,0.3,0.7291089376216578,5
1952,2024,31,0.5,0.6094736733655758,8
1953,2024,31,0.7,0.5622992969167647,9
1954,2024,31,1.0,0.5083417187688777,12
1955,2024,31,1.3,0.4648553569289902,14
1956,2024,31,1.5,0.44187186695016506,15
1957,2024,31,1.7,0.4226723008271224,15
1958,2024,31,2.0,0.3992035068740401,16
1959,2024,31,2.3,0.3771136723475399,19
1960,2024,31,2.5,0.36541369199067625,22
1961,2024,31,2.7,0.3519463405748326,23
1962,2024,31,3.0,0.33432560524668775,23
1963,2024,37,0.2,0.8064043155451547,4
1964,2024,37,0.3,0.722843276870383,4
1965,2024,37,0.5,0.6140342240852928,8
1966,2024,37,0.7,0.545634035110676,8
1967,2024,37,1.0,0.5094230847674235,12
1968,2024,37,1.3,0.4606677744244591,15
1969,2024,37,1.5,0.44188340464807363,14
1970,2024,37,1.7,0.4239692827740013,15
1971,2024,37,2.0,0.40086646788024904,17
1972,2024,37,2.3,0.3763729181678946,18
1973,2024,37,2.5,0.36517643406093137,21
1974,2024,37,2.7,0.3524906767271754,22
1975,2024,37,3.0,0.33406339549382735,22
1976,2024,41,0.2,0.8063535269640513,4
1977,2024,41,0.3,0.7324325724802387,5
1978,2024,41,0.5,0.615138273017167,6
1979,2024,41,0.7,0.5417673309185029,8
1980,2024,41,1.0,0.49394743268732744,11
1981,2024,41,1.3,0.46184670712352055,13
1982,2024,41,1.5,0.44198667751973925,13
1983,2024,41,1.7,0.4221371863161469,16
1984,2024,41,2.0,0.39707400126463627,17
1985,2024,41,2.3,0.37555978856224254,20
1986,2024,41,2.5,0.360586813842446,20
1987,2024,41,2.7,0.34933890237210924,22
1988,2024,41,3.0,0.3271639045809141,22
1989,2024,43,0.2,0.8055454301872841,4
1990,2024,43,0.3,0.7324325724802387,5
1991,2024,43,0.5,0.6195460290444464,7
1992,2024,43,0.7,0.5460546600541013,9
1993,2024,43,1.0,0.5013963353767931,12
1994,2024,43,1.3,0.46358788715917093,14
1995,2024,43,1.5,0.4432947097940892,16
1996,2024,43,1.7,0.42537298505842386,17
1997,2024,43,2.0,0.40026864486105534,17
1998,2024,43,2.3,0.3750218110217026,19
1999,2024,43,2.5,0.36541369199067614,22
2000,2024,43,2.7,0.3529613698555549,23
2001,2024,43,3.0,0.3348842414201588,23
2002,2024,47,0.2,0.8064043155451546,4
2003,2024,47,0.3,0.7260882269537332,6
2004,2024,47,0.5,0.6174331810661772,7
2005,2024,47,0.7,0.5613291721095045,9
2006,2024,47,1.0,0.503693381414285,12
2007,2024,47,1.3,0.459382218267806,15
2008,2024,47,1.5,0.44130630798485876,15
2009,2024,47,1.7,0.4260807109328562,17
2010,2024,47,2.0,0.39987363509899176,17
2011,2024,47,2.3,0.37430661261785814,20
2012,2024,47,2.5,0.361784341754236,22
2013,2024,47,2.7,0.3494966490431638,22
2014,2024,47,3.0,0.33078932701085273,22
2015,2024,53,0.2,0.8064043155451547,4
2016,2024,53,0.3,0.7319323451474736,4
2017,2024,53,0.5,0.615790906684424,7
2018,2024,53,0.7,0.5628202298507977,10
2019,2024,53,1.0,0.508077304471088,11
2020,2024,53,1.3,0.46567224477255265,14
2021,2024,53,1.5,0.44254793412085647,15
2022,2024,53,1.7,0.4251938963739664,16
2023,2024,53,2.0,0.39894858722304133,17
2024,2024,53,2.3,0.375292227264862,19
2025,2024,53,2.5,0.3609561873839159,22
2026,2024,53,2.7,0.34959522696559486,23
2027,2024,53,3.0,0.33351234027403653,24
2028,2024,59,0.2,0.8063534948490001,3
2029,2024,59,0.3,0.7287768053265169,5
2030,2024,59,0.5,0.6153315594171407,8
2031,2024,59,0.7,0.5603616799130852,10
2032,2024,59,1.0,0.5025140975037654,12
2033,2024,59,1.3,0.4606034222212292,14
2034,2024,59,1.5,0.4361436399576822,15
2035,2024,59,1.7,0.41832240459428904,15
2036,2024,59,2.0,0.39792642603102313,16
2037,2024,59,2.3,0.3763648508123376,20
2038,2024,59,2.5,0.36442768773404327,21
2039,2024,59,2.7,0.352678598483597,23
2040,2024,59,3.0,0.3342922681580519,23
2041,2024,61,0.2,0.8063535269640512,4
2042,2024,61,0.3,0.7324325724802387,5
2043,2024,61,0.5,0.6174152545026859,7
2044,2024,61,0.7,0.5620121953155628,10
2045,2024,61,1.0,0.5019778567620334,12
2046,2024,61,1.3,0.46244837804216926,14
2047,2024,61,1.5,0.44446118562700837,14
2048,2024,61,1.7,0.4255932110381413,16
2049,2024,61,2.0,0.40002170958967326,18
2050,2024,61,2.3,0.37634383277433814,21
2051,2024,61,2.5,0.36395499077158044,22
2052,2024,61,2.7,0.35180452778450344,23
2053,2024,61,3.0,0.3342922681580519,23
2054,2024,67,0.2,0.8064043155451546,4
2055,2024,67,0.3,0.7324325724802387,5
2056,2024,67,0.5,0.609176694056145,6
2057,2024,67,0.7,0.5551580328768834,10
2058,2024,67,1.0,0.49797340990582684,11
2059,2024,67,1.3,0.4634484960234825,13
2060,2024,67,1.5,0.43597923606235434,13
2061,2024,67,1.7,0.4254517267486904,15
2062,2024,67,2.0,0.3980265248181575,17
2063,2024,67,2.3,0.37317680685239846,19
2064,2024,67,2.5,0.36035373594300896,21
2065,2024,67,2.7,0.3512603950313638,22
2066,2024,67,3.0,0.33362900307458637,23
2067,2024,71,0.2,0.8064043155451546,4
2068,2024,71,0.3,0.7260882269537332,6
2069,2024,71,0.5,0.6103517479168501,8
2070,2024,71,0.7,0.5622274179409824,10
2071,2024,71,1.0,0.5025103048326487,11
2072,2024,71,1.3,0.4648251631123048,15
2073,2024,71,1.5,0.4416095723439861,14
2074,2024,71,1.7,0.4253499138647963,16
2075,2024,71,2.0,0.3975689823006346,16
2076,2024,71,2.3,0.3759864801879471,20
2077,2024,71,2.5,0.3641904298042985,20
2078,2024,71,2.7,0.3522079053552176,22
2079,2024,71,3.0,0.33429226815805196,23
